competition;season;home_score;away_score;round;
Top 14;2005-2006;12;26;J1;
Top 14;2005-2006;16;28;J1;
Top 14;2005-2006;34;9;J1;
Top 14;2005-2006;10;20;J1;
Top 14;2005-2006;16;34;J1;
Top 14;2005-2006;15;10;J1;
Top 14;2005-2006;26;20;J1;
Top 14;2005-2006;29;8;J2;
Top 14;2005-2006;52;9;J2;
Top 14;2005-2006;29;23;J2;
Top 14;2005-2006;19;13;J2;
Top 14;2005-2006;37;9;J2;
Top 14;2005-2006;36;6;J2;
Top 14;2005-2006;31;3;J2;
Top 14;2005-2006;29;25;J3;
Top 14;2005-2006;34;28;J3;
Top 14;2005-2006;9;16;J3;
Top 14;2005-2006;19;19;J3;
Top 14;2005-2006;19;19;J3;
Top 14;2005-2006;18;29;J3;
Top 14;2005-2006;16;12;J3;
Top 14;2005-2006;16;12;J4;
Top 14;2005-2006;37;24;J4;
Top 14;2005-2006;43;5;J4;
Top 14;2005-2006;44;16;J4;
Top 14;2005-2006;64;12;J4;
Top 14;2005-2006;18;23;J4;
Top 14;2005-2006;64;22;J4;
Top 14;2005-2006;15;18;J5;
Top 14;2005-2006;34;10;J5;
Top 14;2005-2006;40;16;J5;
Top 14;2005-2006;40;16;J5;
Top 14;2005-2006;15;29;J5;
Top 14;2005-2006;34;25;J5;
Top 14;2005-2006;7;14;J5;
Top 14;2005-2006;30;22;J6;
Top 14;2005-2006;13;19;J6;
Top 14;2005-2006;47;21;J6;
Top 14;2005-2006;25;17;J6;
Top 14;2005-2006;40;21;J6;
Top 14;2005-2006;21;12;J6;
Top 14;2005-2006;37;24;J6;
Top 14;2005-2006;25;10;J7;
Top 14;2005-2006;19;14;J7;
Top 14;2005-2006;26;19;J7;
Top 14;2005-2006;27;3;J7;
Top 14;2005-2006;18;14;J7;
Top 14;2005-2006;9;0;J7;
Top 14;2005-2006;16;33;J7;
Top 14;2005-2006;23;12;J8;
Top 14;2005-2006;48;14;J8;
Top 14;2005-2006;36;13;J8;
Top 14;2005-2006;26;20;J8;
Top 14;2005-2006;33;6;J8;
Top 14;2005-2006;31;28;J8;
Top 14;2005-2006;15;33;J8;
Top 14;2005-2006;29;10;J9;
Top 14;2005-2006;40;14;J9;
Top 14;2005-2006;26;12;J9;
Top 14;2005-2006;41;8;J9;
Top 14;2005-2006;29;15;J9;
Top 14;2005-2006;12;10;J9;
Top 14;2005-2006;8;3;J9;
Top 14;2005-2006;29;24;J10;
Top 14;2005-2006;26;23;J10;
Top 14;2005-2006;10;9;J10;
Top 14;2005-2006;29;16;J10;
Top 14;2005-2006;29;16;J10;
Top 14;2005-2006;15;11;J10;
Top 14;2005-2006;37;19;J10;
Top 14;2005-2006;28;22;J11;
Top 14;2005-2006;41;10;J11;
Top 14;2005-2006;33;16;J11;
Top 14;2005-2006;21;16;J11;
Top 14;2005-2006;27;19;J11;
Top 14;2005-2006;33;0;J11;
Top 14;2005-2006;29;16;J11;
Top 14;2005-2006;22;11;J12;
Top 14;2005-2006;9;32;J12;
Top 14;2005-2006;18;21;J12;
Top 14;2005-2006;27;25;J12;
Top 14;2005-2006;11;34;J12;
Top 14;2005-2006;10;9;J12;
Top 14;2005-2006;12;25;J12;
Top 14;2005-2006;29;19;J13;
Top 14;2005-2006;66;8;J13;
Top 14;2005-2006;45;13;J13;
Top 14;2005-2006;59;10;J13;
Top 14;2005-2006;37;15;J13;
Top 14;2005-2006;24;6;J13;
Top 14;2005-2006;30;0;J13;
Top 14;2005-2006;36;24;J14;
Top 14;2005-2006;19;14;J14;
Top 14;2005-2006;27;13;J14;
Top 14;2005-2006;52;28;J14;
Top 14;2005-2006;13;19;J14;
Top 14;2005-2006;33;14;J14;
Top 14;2005-2006;57;12;J14;
Top 14;2005-2006;11;24;J15;
Top 14;2005-2006;13;27;J15;
Top 14;2005-2006;3;17;J15;
Top 14;2005-2006;3;17;J15;
Top 14;2005-2006;22;33;J15;
Top 14;2005-2006;41;10;J15;
Top 14;2005-2006;18;16;J15;
Top 14;2005-2006;17;9;J16;
Top 14;2005-2006;17;9;J16;
Top 14;2005-2006;30;9;J16;
Top 14;2005-2006;52;13;J16;
Top 14;2005-2006;23;16;J16;
Top 14;2005-2006;43;11;J16;
Top 14;2005-2006;17;11;J16;
Top 14;2005-2006;14;36;J17;
Top 14;2005-2006;8;15;J17;
Top 14;2005-2006;33;20;J17;
Top 14;2005-2006;27;19;J17;
Top 14;2005-2006;34;3;J17;
Top 14;2005-2006;21;18;J17;
Top 14;2005-2006;12;8;J17;
Top 14;2005-2006;15;20;J18;
Top 14;2005-2006;35;13;J18;
Top 14;2005-2006;19;26;J18;
Top 14;2005-2006;21;16;J18;
Top 14;2005-2006;53;0;J18;
Top 14;2005-2006;16;15;J18;
Top 14;2005-2006;44;14;J18;
Top 14;2005-2006;22;28;J19;
Top 14;2005-2006;42;3;J19;
Top 14;2005-2006;18;14;J19;
Top 14;2005-2006;27;15;J19;
Top 14;2005-2006;15;13;J19;
Top 14;2005-2006;13;15;J19;
Top 14;2005-2006;13;15;J19;
Top 14;2005-2006;19;7;J20;
Top 14;2005-2006;10;11;J20;
Top 14;2005-2006;6;16;J20;
Top 14;2005-2006;15;18;J20;
Top 14;2005-2006;43;16;J20;
Top 14;2005-2006;43;16;J20;
Top 14;2005-2006;28;24;J20;
Top 14;2005-2006;28;15;J21;
Top 14;2005-2006;24;20;J21;
Top 14;2005-2006;54;13;J21;
Top 14;2005-2006;16;20;J21;
Top 14;2005-2006;29;20;J21;
Top 14;2005-2006;23;18;J21;
Top 14;2005-2006;19;15;J21;
Top 14;2005-2006;36;22;J22;
Top 14;2005-2006;28;26;J22;
Top 14;2005-2006;17;25;J22;
Top 14;2005-2006;15;12;J22;
Top 14;2005-2006;15;0;J22;
Top 14;2005-2006;32;22;J22;
Top 14;2005-2006;65;0;J22;
Top 14;2005-2006;33;7;J23;
Top 14;2005-2006;24;44;J23;
Top 14;2005-2006;22;11;J23;
Top 14;2005-2006;53;7;J23;
Top 14;2005-2006;42;20;J23;
Top 14;2005-2006;29;14;J23;
Top 14;2005-2006;33;9;J23;
Top 14;2005-2006;23;24;J24;
Top 14;2005-2006;26;11;J24;
Top 14;2005-2006;26;20;J24;
Top 14;2005-2006;28;11;J24;
Top 14;2005-2006;44;19;J24;
Top 14;2005-2006;13;20;J24;
Top 14;2005-2006;25;13;J24;
Top 14;2005-2006;57;7;J25;
Top 14;2005-2006;30;23;J25;
Top 14;2005-2006;42;26;J25;
Top 14;2005-2006;22;10;J25;
Top 14;2005-2006;58;24;J25;
Top 14;2005-2006;37;27;J25;
Top 14;2005-2006;52;0;J25;
Top 14;2005-2006;12;37;J26;
Top 14;2005-2006;25;27;J26;
Top 14;2005-2006;24;43;J26;
Top 14;2005-2006;12;34;J26;
Top 14;2005-2006;19;24;J26;
Top 14;2005-2006;14;42;J26;
Top 14;2005-2006;21;50;J26;
Top 14;2005-2006;12;9;Semi;
Top 14;2005-2006;9;12;Semi;
Top 14;2005-2006;40;13;Finale;
Top 14;2006-2007;29;24;J1;
Top 14;2006-2007;9;24;J1;
Top 14;2006-2007;18;6;J1;
Top 14;2006-2007;20;16;J1;
Top 14;2006-2007;41;20;J1;
Top 14;2006-2007;24;12;J1;
Top 14;2006-2007;52;20;J1;
Top 14;2006-2007;26;7;J2;
Top 14;2006-2007;16;26;J2;
Top 14;2006-2007;23;0;J2;
Top 14;2006-2007;9;20;J2;
Top 14;2006-2007;25;12;J2;
Top 14;2006-2007;25;18;J2;
Top 14;2006-2007;42;17;J2;
Top 14;2006-2007;19;24;J3;
Top 14;2006-2007;45;13;J3;
Top 14;2006-2007;22;16;J3;
Top 14;2006-2007;21;18;J3;
Top 14;2006-2007;54;0;J3;
Top 14;2006-2007;40;6;J3;
Top 14;2006-2007;20;17;J3;
Top 14;2006-2007;35;22;J4;
Top 14;2006-2007;9;20;J4;
Top 14;2006-2007;24;33;J4;
Top 14;2006-2007;55;7;J4;
Top 14;2006-2007;20;3;J4;
Top 14;2006-2007;31;26;J4;
Top 14;2006-2007;6;3;J4;
Top 14;2006-2007;12;6;J5;
Top 14;2006-2007;48;29;J5;
Top 14;2006-2007;33;10;J5;
Top 14;2006-2007;13;9;J5;
Top 14;2006-2007;30;17;J5;
Top 14;2006-2007;32;3;J5;
Top 14;2006-2007;21;20;J5;
Top 14;2006-2007;22;3;J6;
Top 14;2006-2007;25;20;J6;
Top 14;2006-2007;39;17;J6;
Top 14;2006-2007;14;21;J6;
Top 14;2006-2007;12;16;J6;
Top 14;2006-2007;20;3;J6;
Top 14;2006-2007;12;10;J6;
Top 14;2006-2007;9;9;J7;
Top 14;2006-2007;43;0;J7;
Top 14;2006-2007;39;15;J7;
Top 14;2006-2007;41;27;J7;
Top 14;2006-2007;24;13;J7;
Top 14;2006-2007;13;9;J7;
Top 14;2006-2007;20;6;J7;
Top 14;2006-2007;20;6;J8;
Top 14;2006-2007;24;13;J8;
Top 14;2006-2007;6;21;J8;
Top 14;2006-2007;16;7;J8;
Top 14;2006-2007;35;3;J8;
Top 14;2006-2007;33;18;J8;
Top 14;2006-2007;19;13;J8;
Top 14;2006-2007;18;16;J9;
Top 14;2006-2007;25;12;J9;
Top 14;2006-2007;25;12;J9;
Top 14;2006-2007;25;12;J9;
Top 14;2006-2007;46;9;J9;
Top 14;2006-2007;20;18;J9;
Top 14;2006-2007;13;18;J9;
Top 14;2006-2007;15;9;J10;
Top 14;2006-2007;22;28;J10;
Top 14;2006-2007;22;15;J10;
Top 14;2006-2007;15;9;J10;
Top 14;2006-2007;40;34;J10;
Top 14;2006-2007;19;15;J10;
Top 14;2006-2007;25;10;J10;
Top 14;2006-2007;6;13;J11;
Top 14;2006-2007;44;3;J11;
Top 14;2006-2007;16;19;J11;
Top 14;2006-2007;19;17;J11;
Top 14;2006-2007;9;20;J11;
Top 14;2006-2007;20;23;J11;
Top 14;2006-2007;22;16;J11;
Top 14;2006-2007;6;27;J12;
Top 14;2006-2007;39;10;J12;
Top 14;2006-2007;15;15;J12;
Top 14;2006-2007;44;11;J12;
Top 14;2006-2007;23;21;J12;
Top 14;2006-2007;24;16;J12;
Top 14;2006-2007;11;10;J12;
Top 14;2006-2007;25;15;J13;
Top 14;2006-2007;50;12;J13;
Top 14;2006-2007;27;16;J13;
Top 14;2006-2007;12;16;J13;
Top 14;2006-2007;29;6;J13;
Top 14;2006-2007;31;8;J13;
Top 14;2006-2007;12;15;J13;
Top 14;2006-2007;25;13;J14;
Top 14;2006-2007;15;9;J14;
Top 14;2006-2007;37;33;J14;
Top 14;2006-2007;25;17;J14;
Top 14;2006-2007;26;29;J14;
Top 14;2006-2007;31;18;J14;
Top 14;2006-2007;19;13;J14;
Top 14;2006-2007;43;18;J15;
Top 14;2006-2007;13;13;J15;
Top 14;2006-2007;17;18;J15;
Top 14;2006-2007;28;3;J15;
Top 14;2006-2007;32;15;J15;
Top 14;2006-2007;42;14;J15;
Top 14;2006-2007;42;14;J15;
Top 14;2006-2007;11;15;J16;
Top 14;2006-2007;36;11;J16;
Top 14;2006-2007;15;19;J16;
Top 14;2006-2007;29;17;J16;
Top 14;2006-2007;30;21;J16;
Top 14;2006-2007;19;13;J16;
Top 14;2006-2007;51;13;J16;
Top 14;2006-2007;20;9;J17;
Top 14;2006-2007;36;30;J17;
Top 14;2006-2007;41;0;J17;
Top 14;2006-2007;41;0;J17;
Top 14;2006-2007;16;21;J17;
Top 14;2006-2007;26;17;J17;
Top 14;2006-2007;19;3;J17;
Top 14;2006-2007;9;0;J18;
Top 14;2006-2007;29;27;J18;
Top 14;2006-2007;32;9;J18;
Top 14;2006-2007;30;23;J18;
Top 14;2006-2007;16;12;J18;
Top 14;2006-2007;16;6;J18;
Top 14;2006-2007;11;16;J18;
Top 14;2006-2007;39;17;J19;
Top 14;2006-2007;16;9;J19;
Top 14;2006-2007;62;14;J19;
Top 14;2006-2007;15;6;J19;
Top 14;2006-2007;22;20;J19;
Top 14;2006-2007;22;18;J19;
Top 14;2006-2007;15;19;J19;
Top 14;2006-2007;10;23;J20;
Top 14;2006-2007;28;10;J20;
Top 14;2006-2007;19;12;J20;
Top 14;2006-2007;19;19;J20;
Top 14;2006-2007;22;22;J20;
Top 14;2006-2007;26;29;J20;
Top 14;2006-2007;22;12;J20;
Top 14;2006-2007;19;7;J21;
Top 14;2006-2007;61;24;J21;
Top 14;2006-2007;61;24;J21;
Top 14;2006-2007;20;3;J21;
Top 14;2006-2007;19;35;J21;
Top 14;2006-2007;19;26;J21;
Top 14;2006-2007;9;9;J21;
Top 14;2006-2007;17;7;J22;
Top 14;2006-2007;24;7;J22;
Top 14;2006-2007;25;16;J22;
Top 14;2006-2007;16;8;J22;
Top 14;2006-2007;16;21;J22;
Top 14;2006-2007;32;19;J22;
Top 14;2006-2007;12;29;J22;
Top 14;2006-2007;10;41;J23;
Top 14;2006-2007;23;14;J23;
Top 14;2006-2007;17;15;J23;
Top 14;2006-2007;40;9;J23;
Top 14;2006-2007;24;17;J23;
Top 14;2006-2007;16;16;J23;
Top 14;2006-2007;15;23;J23;
Top 14;2006-2007;31;18;J24;
Top 14;2006-2007;28;22;J24;
Top 14;2006-2007;19;12;J24;
Top 14;2006-2007;13;12;J24;
Top 14;2006-2007;47;28;J24;
Top 14;2006-2007;44;11;J24;
Top 14;2006-2007;22;13;J24;
Top 14;2006-2007;47;0;J25;
Top 14;2006-2007;73;6;J25;
Top 14;2006-2007;25;13;J25;
Top 14;2006-2007;39;25;J25;
Top 14;2006-2007;21;42;J25;
Top 14;2006-2007;18;11;J25;
Top 14;2006-2007;12;11;J25;
Top 14;2006-2007;20;21;J26;
Top 14;2006-2007;29;0;J26;
Top 14;2006-2007;19;21;J26;
Top 14;2006-2007;29;17;J26;
Top 14;2006-2007;6;9;J26;
Top 14;2006-2007;5;18;J26;
Top 14;2006-2007;14;9;J26;
Top 14;2006-2007;18;6;Semi;
Top 14;2006-2007;20;15;Semi;
Top 14;2006-2007;23;18;Finale;
Top 14;2007-2008;10;15;J1;
Top 14;2007-2008;23;17;J1;
Top 14;2007-2008;21;22;J1;
Top 14;2007-2008;15;15;J1;
Top 14;2007-2008;10;8;J1;
Top 14;2007-2008;25;12;J1;
Top 14;2007-2008;19;12;J1;
Top 14;2007-2008;7;12;J2;
Top 14;2007-2008;33;20;J2;
Top 14;2007-2008;16;18;J2;
Top 14;2007-2008;28;9;J2;
Top 14;2007-2008;21;16;J2;
Top 14;2007-2008;15;12;J2;
Top 14;2007-2008;27;0;J2;
Top 14;2007-2008;46;6;J3;
Top 14;2007-2008;6;18;J3;
Top 14;2007-2008;25;9;J3;
Top 14;2007-2008;3;3;J3;
Top 14;2007-2008;16;6;J3;
Top 14;2007-2008;6;12;J3;
Top 14;2007-2008;43;13;J3;
Top 14;2007-2008;22;19;J4;
Top 14;2007-2008;10;14;J4;
Top 14;2007-2008;0;16;J4;
Top 14;2007-2008;6;9;J4;
Top 14;2007-2008;33;12;J4;
Top 14;2007-2008;14;20;J4;
Top 14;2007-2008;19;13;J4;
Top 14;2007-2008;11;17;J5;
Top 14;2007-2008;21;17;J5;
Top 14;2007-2008;32;17;J5;
Top 14;2007-2008;19;27;J5;
Top 14;2007-2008;19;14;J5;
Top 14;2007-2008;24;16;J5;
Top 14;2007-2008;35;8;J5;
Top 14;2007-2008;10;8;J6;
Top 14;2007-2008;15;10;J6;
Top 14;2007-2008;24;17;J6;
Top 14;2007-2008;26;6;J6;
Top 14;2007-2008;23;19;J6;
Top 14;2007-2008;33;6;J6;
Top 14;2007-2008;44;23;J6;
Top 14;2007-2008;3;34;J7;
Top 14;2007-2008;16;31;J7;
Top 14;2007-2008;15;14;J7;
Top 14;2007-2008;21;8;J7;
Top 14;2007-2008;12;11;J7;
Top 14;2007-2008;25;6;J7;
Top 14;2007-2008;37;13;J7;
Top 14;2007-2008;23;3;J8;
Top 14;2007-2008;15;14;J8;
Top 14;2007-2008;35;13;J8;
Top 14;2007-2008;26;13;J8;
Top 14;2007-2008;25;10;J8;
Top 14;2007-2008;18;23;J8;
Top 14;2007-2008;12;9;J8;
Top 14;2007-2008;36;7;J9;
Top 14;2007-2008;14;19;J9;
Top 14;2007-2008;12;16;J9;
Top 14;2007-2008;18;17;J9;
Top 14;2007-2008;23;17;J9;
Top 14;2007-2008;13;7;J9;
Top 14;2007-2008;37;17;J9;
Top 14;2007-2008;14;18;J10;
Top 14;2007-2008;41;15;J10;
Top 14;2007-2008;8;17;J10;
Top 14;2007-2008;15;12;J10;
Top 14;2007-2008;33;8;J10;
Top 14;2007-2008;25;18;J10;
Top 14;2007-2008;9;11;J10;
Top 14;2007-2008;16;47;J11;
Top 14;2007-2008;40;13;J11;
Top 14;2007-2008;31;13;J11;
Top 14;2007-2008;18;13;J11;
Top 14;2007-2008;51;3;J11;
Top 14;2007-2008;28;23;J11;
Top 14;2007-2008;35;15;J11;
Top 14;2007-2008;14;6;J12;
Top 14;2007-2008;10;10;J12;
Top 14;2007-2008;27;3;J12;
Top 14;2007-2008;20;30;J12;
Top 14;2007-2008;9;6;J12;
Top 14;2007-2008;30;23;J12;
Top 14;2007-2008;6;33;J12;
Top 14;2007-2008;26;19;J13;
Top 14;2007-2008;10;25;J13;
Top 14;2007-2008;15;25;J13;
Top 14;2007-2008;22;40;J13;
Top 14;2007-2008;29;13;J13;
Top 14;2007-2008;29;24;J13;
Top 14;2007-2008;12;23;J13;
Top 14;2007-2008;13;8;J14;
Top 14;2007-2008;15;36;J14;
Top 14;2007-2008;20;18;J14;
Top 14;2007-2008;58;5;J14;
Top 14;2007-2008;27;6;J14;
Top 14;2007-2008;16;11;J14;
Top 14;2007-2008;50;12;J14;
Top 14;2007-2008;10;0;J15;
Top 14;2007-2008;11;6;J15;
Top 14;2007-2008;14;56;J15;
Top 14;2007-2008;36;0;J15;
Top 14;2007-2008;45;7;J15;
Top 14;2007-2008;21;7;J15;
Top 14;2007-2008;29;0;J15;
Top 14;2007-2008;12;6;J16;
Top 14;2007-2008;14;34;J16;
Top 14;2007-2008;12;17;J16;
Top 14;2007-2008;52;17;J16;
Top 14;2007-2008;16;10;J16;
Top 14;2007-2008;14;7;J16;
Top 14;2007-2008;9;10;J16;
Top 14;2007-2008;9;13;J17;
Top 14;2007-2008;20;0;J17;
Top 14;2007-2008;36;7;J17;
Top 14;2007-2008;13;20;J17;
Top 14;2007-2008;20;14;J17;
Top 14;2007-2008;30;19;J17;
Top 14;2007-2008;20;18;J17;
Top 14;2007-2008;12;14;J18;
Top 14;2007-2008;11;23;J18;
Top 14;2007-2008;25;12;J18;
Top 14;2007-2008;30;0;J18;
Top 14;2007-2008;38;13;J18;
Top 14;2007-2008;26;3;J18;
Top 14;2007-2008;25;18;J18;
Top 14;2007-2008;9;12;J19;
Top 14;2007-2008;15;36;J19;
Top 14;2007-2008;19;19;J19;
Top 14;2007-2008;12;9;J19;
Top 14;2007-2008;19;13;J19;
Top 14;2007-2008;7;16;J19;
Top 14;2007-2008;28;35;J20;
Top 14;2007-2008;73;12;J20;
Top 14;2007-2008;34;20;J20;
Top 14;2007-2008;21;18;J20;
Top 14;2007-2008;19;16;J20;
Top 14;2007-2008;20;16;J20;
Top 14;2007-2008;16;3;J20;
Top 14;2007-2008;11;16;J21;
Top 14;2007-2008;43;20;J21;
Top 14;2007-2008;19;23;J21;
Top 14;2007-2008;50;14;J21;
Top 14;2007-2008;28;22;J21;
Top 14;2007-2008;41;10;J21;
Top 14;2007-2008;17;15;J21;
Top 14;2007-2008;11;3;J22;
Top 14;2007-2008;17;12;J22;
Top 14;2007-2008;12;6;J22;
Top 14;2007-2008;29;15;J22;
Top 14;2007-2008;29;0;J22;
Top 14;2007-2008;27;16;J22;
Top 14;2007-2008;28;6;J22;
Top 14;2007-2008;20;0;J23;
Top 14;2007-2008;9;6;J23;
Top 14;2007-2008;38;16;J23;
Top 14;2007-2008;38;7;J23;
Top 14;2007-2008;15;12;J23;
Top 14;2007-2008;18;13;J23;
Top 14;2007-2008;13;25;J24;
Top 14;2007-2008;15;12;J24;
Top 14;2007-2008;18;16;J24;
Top 14;2007-2008;30;10;J24;
Top 14;2007-2008;16;36;J24;
Top 14;2007-2008;44;15;J24;
Top 14;2007-2008;13;6;J24;
Top 14;2007-2008;12;8;J25;
Top 14;2007-2008;22;18;J25;
Top 14;2007-2008;40;26;J25;
Top 14;2007-2008;57;17;J25;
Top 14;2007-2008;36;8;J25;
Top 14;2007-2008;20;16;J25;
Top 14;2007-2008;10;21;J25;
Top 14;2007-2008;35;28;J26;
Top 14;2007-2008;22;19;J26;
Top 14;2007-2008;23;19;J26;
Top 14;2007-2008;30;34;J26;
Top 14;2007-2008;95;7;J26;
Top 14;2007-2008;24;17;J26;
Top 14;2007-2008;13;23;J26;
Top 14;2007-2008;21;7;Semi;
Top 14;2007-2008;31;13;Semi;
Top 14;2007-2008;20;26;Finale;
Top 14;2008-2009;9;31;J1;
Top 14;2008-2009;26;27;J1;
Top 14;2008-2009;29;22;J1;
Top 14;2008-2009;16;11;J1;
Top 14;2008-2009;37;19;J1;
Top 14;2008-2009;34;18;J1;
Top 14;2008-2009;22;16;J1;
Top 14;2008-2009;43;20;J2;
Top 14;2008-2009;3;3;J2;
Top 14;2008-2009;32;25;J2;
Top 14;2008-2009;27;22;J2;
Top 14;2008-2009;22;20;J2;
Top 14;2008-2009;32;17;J2;
Top 14;2008-2009;16;22;J2;
Top 14;2008-2009;17;6;J3;
Top 14;2008-2009;18;14;J3;
Top 14;2008-2009;6;9;J3;
Top 14;2008-2009;16;16;J3;
Top 14;2008-2009;11;26;J3;
Top 14;2008-2009;25;18;J3;
Top 14;2008-2009;20;6;J3;
Top 14;2008-2009;13;19;J4;
Top 14;2008-2009;38;10;J4;
Top 14;2008-2009;11;19;J4;
Top 14;2008-2009;18;6;J4;
Top 14;2008-2009;32;10;J4;
Top 14;2008-2009;16;6;J4;
Top 14;2008-2009;24;5;J4;
Top 14;2008-2009;30;18;J5;
Top 14;2008-2009;15;9;J5;
Top 14;2008-2009;19;15;J5;
Top 14;2008-2009;37;16;J5;
Top 14;2008-2009;12;6;J5;
Top 14;2008-2009;10;41;J5;
Top 14;2008-2009;3;5;J5;
Top 14;2008-2009;25;32;J6;
Top 14;2008-2009;24;23;J6;
Top 14;2008-2009;32;6;J6;
Top 14;2008-2009;16;22;J6;
Top 14;2008-2009;41;9;J6;
Top 14;2008-2009;30;20;J6;
Top 14;2008-2009;19;15;J6;
Top 14;2008-2009;10;28;J7;
Top 14;2008-2009;37;12;J7;
Top 14;2008-2009;53;11;J7;
Top 14;2008-2009;34;16;J7;
Top 14;2008-2009;46;3;J7;
Top 14;2008-2009;23;30;J7;
Top 14;2008-2009;27;17;J7;
Top 14;2008-2009;6;33;J8;
Top 14;2008-2009;25;30;J8;
Top 14;2008-2009;17;6;J8;
Top 14;2008-2009;12;19;J8;
Top 14;2008-2009;14;9;J8;
Top 14;2008-2009;13;26;J8;
Top 14;2008-2009;17;21;J8;
Top 14;2008-2009;42;20;J9;
Top 14;2008-2009;7;31;J9;
Top 14;2008-2009;26;31;J9;
Top 14;2008-2009;21;15;J9;
Top 14;2008-2009;32;10;J9;
Top 14;2008-2009;22;6;J9;
Top 14;2008-2009;12;14;J9;
Top 14;2008-2009;26;13;J10;
Top 14;2008-2009;26;6;J10;
Top 14;2008-2009;9;13;J10;
Top 14;2008-2009;20;20;J10;
Top 14;2008-2009;19;18;J10;
Top 14;2008-2009;18;16;J10;
Top 14;2008-2009;27;12;J10;
Top 14;2008-2009;12;18;J11;
Top 14;2008-2009;19;12;J11;
Top 14;2008-2009;42;9;J11;
Top 14;2008-2009;12;6;J11;
Top 14;2008-2009;33;28;J11;
Top 14;2008-2009;10;5;J11;
Top 14;2008-2009;29;9;J11;
Top 14;2008-2009;32;11;J12;
Top 14;2008-2009;9;23;J12;
Top 14;2008-2009;12;11;J12;
Top 14;2008-2009;6;13;J12;
Top 14;2008-2009;6;9;J12;
Top 14;2008-2009;13;32;J12;
Top 14;2008-2009;9;22;J12;
Top 14;2008-2009;16;20;J13;
Top 14;2008-2009;33;8;J13;
Top 14;2008-2009;16;9;J13;
Top 14;2008-2009;27;6;J13;
Top 14;2008-2009;20;12;J13;
Top 14;2008-2009;35;8;J13;
Top 14;2008-2009;19;12;J13;
Top 14;2008-2009;13;13;J14;
Top 14;2008-2009;56;15;J14;
Top 14;2008-2009;32;5;J14;
Top 14;2008-2009;16;13;J14;
Top 14;2008-2009;15;14;J14;
Top 14;2008-2009;34;0;J14;
Top 14;2008-2009;15;18;J14;
Top 14;2008-2009;9;25;J15;
Top 14;2008-2009;40;14;J15;
Top 14;2008-2009;9;10;J15;
Top 14;2008-2009;6;13;J15;
Top 14;2008-2009;15;13;J15;
Top 14;2008-2009;3;30;J15;
Top 14;2008-2009;19;9;J15;
Top 14;2008-2009;38;22;J16;
Top 14;2008-2009;17;13;J16;
Top 14;2008-2009;23;14;J16;
Top 14;2008-2009;11;11;J16;
Top 14;2008-2009;44;10;J16;
Top 14;2008-2009;25;15;J16;
Top 14;2008-2009;13;13;J16;
Top 14;2008-2009;22;12;J17;
Top 14;2008-2009;16;32;J17;
Top 14;2008-2009;16;16;J17;
Top 14;2008-2009;19;15;J17;
Top 14;2008-2009;27;19;J17;
Top 14;2008-2009;19;13;J17;
Top 14;2008-2009;20;13;J17;
Top 14;2008-2009;12;23;J18;
Top 14;2008-2009;26;11;J18;
Top 14;2008-2009;43;20;J18;
Top 14;2008-2009;50;13;J18;
Top 14;2008-2009;30;37;J18;
Top 14;2008-2009;44;13;J18;
Top 14;2008-2009;9;6;J18;
Top 14;2008-2009;32;8;J19;
Top 14;2008-2009;31;19;J19;
Top 14;2008-2009;15;17;J19;
Top 14;2008-2009;53;3;J19;
Top 14;2008-2009;33;6;J19;
Top 14;2008-2009;18;14;J19;
Top 14;2008-2009;3;3;J19;
Top 14;2008-2009;22;16;J20;
Top 14;2008-2009;26;11;J20;
Top 14;2008-2009;29;32;J20;
Top 14;2008-2009;57;23;J20;
Top 14;2008-2009;14;9;J20;
Top 14;2008-2009;16;18;J20;
Top 14;2008-2009;12;9;J20;
Top 14;2008-2009;25;9;J21;
Top 14;2008-2009;19;19;J21;
Top 14;2008-2009;13;16;J21;
Top 14;2008-2009;22;3;J21;
Top 14;2008-2009;37;7;J21;
Top 14;2008-2009;13;6;J21;
Top 14;2008-2009;15;11;J21;
Top 14;2008-2009;43;6;J22;
Top 14;2008-2009;33;20;J22;
Top 14;2008-2009;21;23;J22;
Top 14;2008-2009;44;3;J22;
Top 14;2008-2009;10;42;J22;
Top 14;2008-2009;19;21;J22;
Top 14;2008-2009;15;19;J22;
Top 14;2008-2009;12;10;J23;
Top 14;2008-2009;21;15;J23;
Top 14;2008-2009;24;15;J23;
Top 14;2008-2009;61;10;J23;
Top 14;2008-2009;52;7;J23;
Top 14;2008-2009;14;6;J23;
Top 14;2008-2009;15;20;J23;
Top 14;2008-2009;16;21;J24;
Top 14;2008-2009;15;10;J24;
Top 14;2008-2009;20;11;J24;
Top 14;2008-2009;19;12;J24;
Top 14;2008-2009;13;6;J24;
Top 14;2008-2009;20;16;J24;
Top 14;2008-2009;12;8;J24;
Top 14;2008-2009;12;22;J25;
Top 14;2008-2009;19;9;J25;
Top 14;2008-2009;31;23;J25;
Top 14;2008-2009;66;3;J25;
Top 14;2008-2009;28;18;J25;
Top 14;2008-2009;9;12;J25;
Top 14;2008-2009;12;16;J25;
Top 14;2008-2009;26;32;J26;
Top 14;2008-2009;31;27;J26;
Top 14;2008-2009;38;10;J26;
Top 14;2008-2009;75;3;J26;
Top 14;2008-2009;8;60;J26;
Top 14;2008-2009;23;3;J26;
Top 14;2008-2009;19;19;J26;
Top 14;2008-2009;9;19;Semi;
Top 14;2008-2009;25;21;Semi;
Top 14;2008-2009;22;13;Finale;
Top 14;2009-2010;22;22;J1;
Top 14;2009-2010;13;19;J1;
Top 14;2009-2010;28;37;J1;
Top 14;2009-2010;12;24;J1;
Top 14;2009-2010;16;17;J1;
Top 14;2009-2010;28;20;J1;
Top 14;2009-2010;30;9;J1;
Top 14;2009-2010;38;24;J2;
Top 14;2009-2010;37;16;J2;
Top 14;2009-2010;38;0;J2;
Top 14;2009-2010;18;12;J2;
Top 14;2009-2010;39;6;J2;
Top 14;2009-2010;27;13;J2;
Top 14;2009-2010;29;9;J2;
Top 14;2009-2010;9;9;J3;
Top 14;2009-2010;43;26;J3;
Top 14;2009-2010;18;9;J3;
Top 14;2009-2010;22;17;J3;
Top 14;2009-2010;17;15;J3;
Top 14;2009-2010;9;15;J3;
Top 14;2009-2010;35;40;J4;
Top 14;2009-2010;21;17;J4;
Top 14;2009-2010;26;21;J4;
Top 14;2009-2010;17;13;J4;
Top 14;2009-2010;21;9;J4;
Top 14;2009-2010;21;18;J5;
Top 14;2009-2010;53;6;J5;
Top 14;2009-2010;33;18;J5;
Top 14;2009-2010;39;6;J5;
Top 14;2009-2010;14;18;J5;
Top 14;2009-2010;30;22;J5;
Top 14;2009-2010;19;12;J5;
Top 14;2009-2010;17;6;J6;
Top 14;2009-2010;19;13;J6;
Top 14;2009-2010;21;20;J6;
Top 14;2009-2010;44;18;J6;
Top 14;2009-2010;23;20;J6;
Top 14;2009-2010;12;6;J6;
Top 14;2009-2010;30;22;J6;
Top 14;2009-2010;26;3;J7;
Top 14;2009-2010;8;40;J7;
Top 14;2009-2010;20;6;J7;
Top 14;2009-2010;12;15;J7;
Top 14;2009-2010;9;6;J7;
Top 14;2009-2010;28;9;J7;
Top 14;2009-2010;18;13;J7;
Top 14;2009-2010;19;14;J8;
Top 14;2009-2010;11;9;J8;
Top 14;2009-2010;19;3;J8;
Top 14;2009-2010;18;14;J8;
Top 14;2009-2010;12;15;J8;
Top 14;2009-2010;23;9;J8;
Top 14;2009-2010;9;9;J8;
Top 14;2009-2010;44;16;J9;
Top 14;2009-2010;21;19;J9;
Top 14;2009-2010;38;13;J9;
Top 14;2009-2010;12;30;J9;
Top 14;2009-2010;17;12;J9;
Top 14;2009-2010;27;12;J9;
Top 14;2009-2010;26;16;J9;
Top 14;2009-2010;6;15;J10;
Top 14;2009-2010;23;3;J10;
Top 14;2009-2010;16;9;J10;
Top 14;2009-2010;46;28;J10;
Top 14;2009-2010;10;18;J10;
Top 14;2009-2010;20;6;J10;
Top 14;2009-2010;14;20;J10;
Top 14;2009-2010;17;15;J11;
Top 14;2009-2010;15;18;J11;
Top 14;2009-2010;8;14;J11;
Top 14;2009-2010;27;20;J11;
Top 14;2009-2010;14;14;J11;
Top 14;2009-2010;19;19;J11;
Top 14;2009-2010;14;5;J11;
Top 14;2009-2010;19;14;J12;
Top 14;2009-2010;41;3;J12;
Top 14;2009-2010;9;9;J12;
Top 14;2009-2010;19;0;J12;
Top 14;2009-2010;23;18;J12;
Top 14;2009-2010;25;9;J12;
Top 14;2009-2010;24;23;J13;
Top 14;2009-2010;20;23;J13;
Top 14;2009-2010;38;13;J13;
Top 14;2009-2010;19;10;J13;
Top 14;2009-2010;20;18;J13;
Top 14;2009-2010;30;10;J13;
Top 14;2009-2010;13;16;J13;
Top 14;2009-2010;18;22;J14;
Top 14;2009-2010;34;6;J14;
Top 14;2009-2010;9;6;J14;
Top 14;2009-2010;3;25;J14;
Top 14;2009-2010;17;12;J14;
Top 14;2009-2010;32;3;J14;
Top 14;2009-2010;20;15;J15;
Top 14;2009-2010;16;9;J15;
Top 14;2009-2010;29;3;J15;
Top 14;2009-2010;34;10;J15;
Top 14;2009-2010;20;9;J15;
Top 14;2009-2010;27;21;J15;
Top 14;2009-2010;28;15;J15;
Top 14;2009-2010;25;23;J16;
Top 14;2009-2010;30;7;J16;
Top 14;2009-2010;52;10;J16;
Top 14;2009-2010;19;23;J16;
Top 14;2009-2010;41;13;J16;
Top 14;2009-2010;23;6;J16;
Top 14;2009-2010;22;11;J16;
Top 14;2009-2010;17;18;J17;
Top 14;2009-2010;44;10;J17;
Top 14;2009-2010;6;6;J17;
Top 14;2009-2010;29;9;J17;
Top 14;2009-2010;26;10;J17;
Top 14;2009-2010;39;3;J17;
Top 14;2009-2010;13;15;J17;
Top 14;2009-2010;31;12;J18;
Top 14;2009-2010;15;0;J18;
Top 14;2009-2010;18;7;J18;
Top 14;2009-2010;15;17;J18;
Top 14;2009-2010;25;15;J18;
Top 14;2009-2010;15;16;J18;
Top 14;2009-2010;33;24;J19;
Top 14;2009-2010;31;19;J19;
Top 14;2009-2010;19;14;J19;
Top 14;2009-2010;32;14;J19;
Top 14;2009-2010;6;24;J19;
Top 14;2009-2010;49;20;J19;
Top 14;2009-2010;15;0;J19;
Top 14;2009-2010;12;6;J20;
Top 14;2009-2010;24;24;J20;
Top 14;2009-2010;16;22;J20;
Top 14;2009-2010;45;18;J20;
Top 14;2009-2010;16;22;J20;
Top 14;2009-2010;16;13;J20;
Top 14;2009-2010;3;6;J20;
Top 14;2009-2010;22;17;J21;
Top 14;2009-2010;35;10;J21;
Top 14;2009-2010;22;14;J21;
Top 14;2009-2010;21;20;J21;
Top 14;2009-2010;46;13;J21;
Top 14;2009-2010;0;29;J21;
Top 14;2009-2010;22;19;J21;
Top 14;2009-2010;19;6;J22;
Top 14;2009-2010;22;13;J22;
Top 14;2009-2010;34;3;J22;
Top 14;2009-2010;7;17;J22;
Top 14;2009-2010;26;14;J22;
Top 14;2009-2010;19;14;J22;
Top 14;2009-2010;45;31;J22;
Top 14;2009-2010;9;13;J23;
Top 14;2009-2010;25;18;J23;
Top 14;2009-2010;41;3;J23;
Top 14;2009-2010;26;10;J23;
Top 14;2009-2010;44;23;J23;
Top 14;2009-2010;12;26;J23;
Top 14;2009-2010;26;10;J23;
Top 14;2009-2010;28;23;J24;
Top 14;2009-2010;62;17;J24;
Top 14;2009-2010;31;13;J24;
Top 14;2009-2010;25;15;J24;
Top 14;2009-2010;42;13;J24;
Top 14;2009-2010;19;10;J24;
Top 14;2009-2010;11;17;J24;
Top 14;2009-2010;25;19;J25;
Top 14;2009-2010;15;13;J25;
Top 14;2009-2010;6;19;J25;
Top 14;2009-2010;33;25;J25;
Top 14;2009-2010;38;24;J25;
Top 14;2009-2010;33;23;J25;
Top 14;2009-2010;29;22;J25;
Top 14;2009-2010;25;17;J26;
Top 14;2009-2010;34;27;J26;
Top 14;2009-2010;41;17;J26;
Top 14;2009-2010;22;8;J26;
Top 14;2009-2010;44;0;J26;
Top 14;2009-2010;23;26;J26;
Top 14;2009-2010;19;26;J26;
Top 14;2009-2010;21;17;Barrages;
Top 14;2009-2010;35;12;Barrages;
Top 14;2009-2010;21;13;Semi;
Top 14;2009-2010;29;35;Semi;
Top 14;2009-2010;6;19;Finale;
Top 14;2010-2011;44;24;J1;
Top 14;2010-2011;18;23;J1;
Top 14;2010-2011;30;22;J1;
Top 14;2010-2011;22;26;J1;
Top 14;2010-2011;43;12;J1;
Top 14;2010-2011;21;13;J1;
Top 14;2010-2011;22;17;J1;
Top 14;2010-2011;12;25;J2;
Top 14;2010-2011;26;11;J2;
Top 14;2010-2011;36;19;J2;
Top 14;2010-2011;27;0;J2;
Top 14;2010-2011;41;26;J2;
Top 14;2010-2011;3;13;J2;
Top 14;2010-2011;22;16;J2;
Top 14;2010-2011;31;36;J3;
Top 14;2010-2011;6;16;J3;
Top 14;2010-2011;28;23;J3;
Top 14;2010-2011;25;16;J3;
Top 14;2010-2011;20;12;J3;
Top 14;2010-2011;33;9;J3;
Top 14;2010-2011;34;16;J3;
Top 14;2010-2011;22;21;J4;
Top 14;2010-2011;17;12;J4;
Top 14;2010-2011;19;18;J4;
Top 14;2010-2011;40;34;J4;
Top 14;2010-2011;22;15;J4;
Top 14;2010-2011;13;15;J4;
Top 14;2010-2011;13;15;J4;
Top 14;2010-2011;31;25;J5;
Top 14;2010-2011;23;28;J5;
Top 14;2010-2011;23;23;J5;
Top 14;2010-2011;50;3;J5;
Top 14;2010-2011;27;10;J5;
Top 14;2010-2011;27;9;J5;
Top 14;2010-2011;19;11;J5;
Top 14;2010-2011;18;16;J6;
Top 14;2010-2011;23;12;J6;
Top 14;2010-2011;43;18;J6;
Top 14;2010-2011;27;20;J6;
Top 14;2010-2011;27;29;J6;
Top 14;2010-2011;41;10;J6;
Top 14;2010-2011;25;20;J6;
Top 14;2010-2011;29;20;J7;
Top 14;2010-2011;28;6;J7;
Top 14;2010-2011;23;29;J7;
Top 14;2010-2011;51;20;J7;
Top 14;2010-2011;22;21;J7;
Top 14;2010-2011;28;16;J7;
Top 14;2010-2011;6;35;J7;
Top 14;2010-2011;3;26;J8;
Top 14;2010-2011;17;12;J8;
Top 14;2010-2011;24;6;J8;
Top 14;2010-2011;16;16;J8;
Top 14;2010-2011;12;27;J8;
Top 14;2010-2011;25;26;J8;
Top 14;2010-2011;26;6;J8;
Top 14;2010-2011;22;15;J9;
Top 14;2010-2011;18;3;J9;
Top 14;2010-2011;21;16;J9;
Top 14;2010-2011;30;13;J9;
Top 14;2010-2011;45;19;J9;
Top 14;2010-2011;28;23;J9;
Top 14;2010-2011;19;22;J9;
Top 14;2010-2011;15;9;J10;
Top 14;2010-2011;38;29;J10;
Top 14;2010-2011;26;21;J10;
Top 14;2010-2011;28;3;J10;
Top 14;2010-2011;38;11;J10;
Top 14;2010-2011;16;13;J10;
Top 14;2010-2011;22;15;J10;
Top 14;2010-2011;18;18;J11;
Top 14;2010-2011;27;3;J11;
Top 14;2010-2011;29;14;J11;
Top 14;2010-2011;21;27;J11;
Top 14;2010-2011;18;29;J11;
Top 14;2010-2011;41;24;J11;
Top 14;2010-2011;44;5;J11;
Top 14;2010-2011;20;29;J12;
Top 14;2010-2011;21;20;J12;
Top 14;2010-2011;17;17;J12;
Top 14;2010-2011;20;24;J12;
Top 14;2010-2011;35;9;J12;
Top 14;2010-2011;22;14;J12;
Top 14;2010-2011;11;35;J12;
Top 14;2010-2011;29;13;J13;
Top 14;2010-2011;15;13;J13;
Top 14;2010-2011;23;13;J13;
Top 14;2010-2011;12;30;J13;
Top 14;2010-2011;23;14;J13;
Top 14;2010-2011;32;25;J13;
Top 14;2010-2011;37;20;J13;
Top 14;2010-2011;22;16;J14;
Top 14;2010-2011;20;9;J14;
Top 14;2010-2011;8;25;J14;
Top 14;2010-2011;25;10;J14;
Top 14;2010-2011;16;26;J14;
Top 14;2010-2011;6;6;J14;
Top 14;2010-2011;22;16;J14;
Top 14;2010-2011;21;3;J15;
Top 14;2010-2011;38;26;J15;
Top 14;2010-2011;23;16;J15;
Top 14;2010-2011;34;9;J15;
Top 14;2010-2011;26;26;J15;
Top 14;2010-2011;28;16;J15;
Top 14;2010-2011;23;16;J15;
Top 14;2010-2011;29;22;J16;
Top 14;2010-2011;12;12;J16;
Top 14;2010-2011;65;22;J16;
Top 14;2010-2011;25;22;J16;
Top 14;2010-2011;14;44;J16;
Top 14;2010-2011;31;3;J16;
Top 14;2010-2011;15;12;J16;
Top 14;2010-2011;31;15;J17;
Top 14;2010-2011;34;12;J17;
Top 14;2010-2011;26;9;J17;
Top 14;2010-2011;12;9;J17;
Top 14;2010-2011;18;26;J17;
Top 14;2010-2011;23;21;J17;
Top 14;2010-2011;29;9;J17;
Top 14;2010-2011;19;22;J18;
Top 14;2010-2011;22;16;J18;
Top 14;2010-2011;20;13;J18;
Top 14;2010-2011;31;18;J18;
Top 14;2010-2011;24;7;J18;
Top 14;2010-2011;29;9;J18;
Top 14;2010-2011;31;18;J18;
Top 14;2010-2011;26;10;J19;
Top 14;2010-2011;15;32;J19;
Top 14;2010-2011;24;32;J19;
Top 14;2010-2011;43;29;J19;
Top 14;2010-2011;24;19;J19;
Top 14;2010-2011;23;19;J19;
Top 14;2010-2011;23;13;J19;
Top 14;2010-2011;19;12;J20;
Top 14;2010-2011;9;21;J20;
Top 14;2010-2011;19;38;J20;
Top 14;2010-2011;32;30;J20;
Top 14;2010-2011;12;20;J20;
Top 14;2010-2011;19;13;J20;
Top 14;2010-2011;25;24;J20;
Top 14;2010-2011;25;19;J21;
Top 14;2010-2011;36;32;J21;
Top 14;2010-2011;22;18;J21;
Top 14;2010-2011;23;22;J21;
Top 14;2010-2011;39;17;J21;
Top 14;2010-2011;20;16;J21;
Top 14;2010-2011;23;19;J21;
Top 14;2010-2011;18;12;J22;
Top 14;2010-2011;50;6;J22;
Top 14;2010-2011;26;17;J22;
Top 14;2010-2011;16;34;J22;
Top 14;2010-2011;40;10;J22;
Top 14;2010-2011;43;21;J22;
Top 14;2010-2011;29;23;J22;
Top 14;2010-2011;24;25;J23;
Top 14;2010-2011;38;10;J23;
Top 14;2010-2011;26;9;J23;
Top 14;2010-2011;26;16;J23;
Top 14;2010-2011;27;42;J23;
Top 14;2010-2011;41;13;J23;
Top 14;2010-2011;21;16;J23;
Top 14;2010-2011;19;29;J24;
Top 14;2010-2011;12;20;J24;
Top 14;2010-2011;52;26;J24;
Top 14;2010-2011;23;16;J24;
Top 14;2010-2011;17;22;J24;
Top 14;2010-2011;22;33;J24;
Top 14;2010-2011;21;9;J24;
Top 14;2010-2011;16;13;J25;
Top 14;2010-2011;51;34;J25;
Top 14;2010-2011;54;20;J25;
Top 14;2010-2011;33;0;J25;
Top 14;2010-2011;34;10;J25;
Top 14;2010-2011;43;12;J25;
Top 14;2010-2011;23;21;J25;
Top 14;2010-2011;10;29;J26;
Top 14;2010-2011;16;29;J26;
Top 14;2010-2011;27;3;J26;
Top 14;2010-2011;18;22;J26;
Top 14;2010-2011;36;10;J26;
Top 14;2010-2011;17;30;J26;
Top 14;2010-2011;15;6;J26;
Top 14;2010-2011;27;17;Barrages;
Top 14;2010-2011;17;18;Barrages;
Top 14;2010-2011;29;6;Semi;
Top 14;2010-2011;25;26;Semi;
Top 14;2010-2011;15;10;Finale;
Top 14;2011-2012;18;13;J1;
Top 14;2011-2012;25;6;J1;
Top 14;2011-2012;30;22;J1;
Top 14;2011-2012;41;20;J1;
Top 14;2011-2012;22;13;J1;
Top 14;2011-2012;19;20;J1;
Top 14;2011-2012;30;5;J1;
Top 14;2011-2012;35;10;J2;
Top 14;2011-2012;47;23;J2;
Top 14;2011-2012;9;9;J2;
Top 14;2011-2012;12;28;J2;
Top 14;2011-2012;0;17;J2;
Top 14;2011-2012;18;6;J2;
Top 14;2011-2012;9;19;J2;
Top 14;2011-2012;34;6;J3;
Top 14;2011-2012;18;23;J3;
Top 14;2011-2012;24;18;J3;
Top 14;2011-2012;12;9;J3;
Top 14;2011-2012;12;12;J3;
Top 14;2011-2012;19;19;J3;
Top 14;2011-2012;41;36;J3;
Top 14;2011-2012;30;11;J4;
Top 14;2011-2012;12;15;J4;
Top 14;2011-2012;33;18;J4;
Top 14;2011-2012;19;12;J4;
Top 14;2011-2012;16;27;J4;
Top 14;2011-2012;24;0;J4;
Top 14;2011-2012;11;22;J4;
Top 14;2011-2012;24;29;J5;
Top 14;2011-2012;16;20;J5;
Top 14;2011-2012;19;13;J5;
Top 14;2011-2012;30;24;J5;
Top 14;2011-2012;25;12;J5;
Top 14;2011-2012;23;24;J5;
Top 14;2011-2012;34;8;J5;
Top 14;2011-2012;16;18;J6;
Top 14;2011-2012;12;19;J6;
Top 14;2011-2012;11;13;J6;
Top 14;2011-2012;28;17;J6;
Top 14;2011-2012;27;23;J6;
Top 14;2011-2012;19;6;J6;
Top 14;2011-2012;22;9;J6;
Top 14;2011-2012;32;7;J7;
Top 14;2011-2012;29;13;J7;
Top 14;2011-2012;22;18;J7;
Top 14;2011-2012;17;26;J7;
Top 14;2011-2012;24;3;J7;
Top 14;2011-2012;38;0;J7;
Top 14;2011-2012;18;6;J7;
Top 14;2011-2012;3;39;J8;
Top 14;2011-2012;16;21;J8;
Top 14;2011-2012;30;10;J8;
Top 14;2011-2012;56;6;J8;
Top 14;2011-2012;15;15;J8;
Top 14;2011-2012;37;13;J8;
Top 14;2011-2012;9;16;J8;
Top 14;2011-2012;19;23;J9;
Top 14;2011-2012;18;16;J9;
Top 14;2011-2012;18;3;J9;
Top 14;2011-2012;41;0;J9;
Top 14;2011-2012;18;15;J9;
Top 14;2011-2012;18;12;J9;
Top 14;2011-2012;12;18;J10;
Top 14;2011-2012;21;17;J10;
Top 14;2011-2012;24;9;J10;
Top 14;2011-2012;37;16;J10;
Top 14;2011-2012;15;9;J11;
Top 14;2011-2012;28;9;J11;
Top 14;2011-2012;16;35;J11;
Top 14;2011-2012;9;9;J11;
Top 14;2011-2012;29;23;J11;
Top 14;2011-2012;22;22;J11;
Top 14;2011-2012;24;15;J11;
Top 14;2011-2012;16;12;J12;
Top 14;2011-2012;33;12;J12;
Top 14;2011-2012;33;16;J12;
Top 14;2011-2012;29;3;J12;
Top 14;2011-2012;19;12;J12;
Top 14;2011-2012;37;18;J12;
Top 14;2011-2012;23;30;J12;
Top 14;2011-2012;6;9;J13;
Top 14;2011-2012;23;10;J13;
Top 14;2011-2012;20;15;J13;
Top 14;2011-2012;16;16;J13;
Top 14;2011-2012;38;13;J13;
Top 14;2011-2012;26;8;J13;
Top 14;2011-2012;25;45;J13;
Top 14;2011-2012;30;15;J14;
Top 14;2011-2012;29;14;J14;
Top 14;2011-2012;33;6;J14;
Top 14;2011-2012;39;6;J14;
Top 14;2011-2012;6;6;J14;
Top 14;2011-2012;15;9;J14;
Top 14;2011-2012;25;6;J14;
Top 14;2011-2012;6;15;J15;
Top 14;2011-2012;51;10;J15;
Top 14;2011-2012;9;23;J15;
Top 14;2011-2012;38;21;J15;
Top 14;2011-2012;20;27;J15;
Top 14;2011-2012;14;14;J15;
Top 14;2011-2012;25;19;J15;
Top 14;2011-2012;38;6;J16;
Top 14;2011-2012;29;23;J16;
Top 14;2011-2012;19;11;J16;
Top 14;2011-2012;17;9;J16;
Top 14;2011-2012;50;10;J16;
Top 14;2011-2012;13;19;J16;
Top 14;2011-2012;10;17;J16;
Top 14;2011-2012;22;11;J17;
Top 14;2011-2012;15;20;J17;
Top 14;2011-2012;26;20;J17;
Top 14;2011-2012;44;7;J17;
Top 14;2011-2012;31;13;J17;
Top 14;2011-2012;25;6;J18;
Top 14;2011-2012;26;30;J18;
Top 14;2011-2012;22;22;J18;
Top 14;2011-2012;13;15;J18;
Top 14;2011-2012;22;33;J18;
Top 14;2011-2012;21;10;J18;
Top 14;2011-2012;19;19;J18;
Top 14;2011-2012;19;6;J19;
Top 14;2011-2012;22;17;J19;
Top 14;2011-2012;22;21;J19;
Top 14;2011-2012;38;13;J19;
Top 14;2011-2012;25;9;J19;
Top 14;2011-2012;35;5;J19;
Top 14;2011-2012;6;6;J19;
Top 14;2011-2012;22;13;J20;
Top 14;2011-2012;34;27;J20;
Top 14;2011-2012;37;26;J20;
Top 14;2011-2012;40;19;J20;
Top 14;2011-2012;20;29;J20;
Top 14;2011-2012;26;11;J20;
Top 14;2011-2012;22;22;J20;
Top 14;2011-2012;18;17;J21;
Top 14;2011-2012;17;34;J21;
Top 14;2011-2012;27;18;J21;
Top 14;2011-2012;29;23;J21;
Top 14;2011-2012;53;27;J21;
Top 14;2011-2012;32;20;J21;
Top 14;2011-2012;19;12;J21;
Top 14;2011-2012;27;16;J22;
Top 14;2011-2012;15;14;J22;
Top 14;2011-2012;47;9;J22;
Top 14;2011-2012;24;13;J22;
Top 14;2011-2012;44;18;J22;
Top 14;2011-2012;14;9;J22;
Top 14;2011-2012;18;22;J22;
Top 14;2011-2012;25;10;J23;
Top 14;2011-2012;22;13;J23;
Top 14;2011-2012;40;19;J23;
Top 14;2011-2012;43;12;J23;
Top 14;2011-2012;25;9;J23;
Top 14;2011-2012;24;19;J23;
Top 14;2011-2012;44;20;J23;
Top 14;2011-2012;22;9;J24;
Top 14;2011-2012;30;21;J24;
Top 14;2011-2012;35;31;J24;
Top 14;2011-2012;19;20;J24;
Top 14;2011-2012;29;15;J24;
Top 14;2011-2012;22;13;J24;
Top 14;2011-2012;25;25;J24;
Top 14;2011-2012;21;16;J25;
Top 14;2011-2012;25;22;J25;
Top 14;2011-2012;34;22;J25;
Top 14;2011-2012;9;23;J25;
Top 14;2011-2012;31;10;J25;
Top 14;2011-2012;30;19;J25;
Top 14;2011-2012;19;13;J25;
Top 14;2011-2012;57;14;J26;
Top 14;2011-2012;16;5;J26;
Top 14;2011-2012;5;29;J26;
Top 14;2011-2012;25;22;J26;
Top 14;2011-2012;37;29;J26;
Top 14;2011-2012;20;13;J26;
Top 14;2011-2012;31;29;J26;
Top 14;2011-2012;31;15;Barrages;
Top 14;2011-2012;17;13;Barrages;
Top 14;2011-2012;24;15;Semi;
Top 14;2011-2012;12;15;Semi;
Top 14;2011-2012;18;12;Finale;
Top 14;2012-2013;23;22;J1;
Top 14;2012-2013;35;10;J1;
Top 14;2012-2013;20;24;J1;
Top 14;2012-2013;32;16;J1;
Top 14;2012-2013;28;29;J1;
Top 14;2012-2013;6;13;J1;
Top 14;2012-2013;15;21;J1;
Top 14;2012-2013;26;22;J2;
Top 14;2012-2013;21;23;J2;
Top 14;2012-2013;37;22;J2;
Top 14;2012-2013;13;8;J2;
Top 14;2012-2013;30;13;J2;
Top 14;2012-2013;24;11;J2;
Top 14;2012-2013;19;25;J2;
Top 14;2012-2013;26;12;J3;
Top 14;2012-2013;22;17;J3;
Top 14;2012-2013;32;15;J3;
Top 14;2012-2013;31;10;J3;
Top 14;2012-2013;53;31;J3;
Top 14;2012-2013;18;7;J3;
Top 14;2012-2013;15;29;J3;
Top 14;2012-2013;27;8;J4;
Top 14;2012-2013;18;13;J4;
Top 14;2012-2013;52;7;J4;
Top 14;2012-2013;62;13;J4;
Top 14;2012-2013;20;20;J4;
Top 14;2012-2013;42;12;J4;
Top 14;2012-2013;13;12;J4;
Top 14;2012-2013;25;32;J5;
Top 14;2012-2013;34;20;J5;
Top 14;2012-2013;18;25;J5;
Top 14;2012-2013;6;14;J5;
Top 14;2012-2013;32;26;J5;
Top 14;2012-2013;28;13;J5;
Top 14;2012-2013;30;22;J5;
Top 14;2012-2013;6;35;J6;
Top 14;2012-2013;33;12;J6;
Top 14;2012-2013;15;23;J6;
Top 14;2012-2013;34;24;J6;
Top 14;2012-2013;44;20;J6;
Top 14;2012-2013;16;28;J6;
Top 14;2012-2013;13;12;J6;
Top 14;2012-2013;28;25;J7;
Top 14;2012-2013;15;6;J7;
Top 14;2012-2013;27;13;J7;
Top 14;2012-2013;19;12;J7;
Top 14;2012-2013;19;15;J7;
Top 14;2012-2013;32;9;J7;
Top 14;2012-2013;15;16;J7;
Top 14;2012-2013;16;13;J8;
Top 14;2012-2013;9;36;J8;
Top 14;2012-2013;12;16;J8;
Top 14;2012-2013;28;23;J8;
Top 14;2012-2013;37;16;J8;
Top 14;2012-2013;28;30;J8;
Top 14;2012-2013;32;34;J8;
Top 14;2012-2013;19;12;J9;
Top 14;2012-2013;28;24;J9;
Top 14;2012-2013;23;6;J9;
Top 14;2012-2013;14;22;J9;
Top 14;2012-2013;12;17;J9;
Top 14;2012-2013;59;0;J9;
Top 14;2012-2013;17;13;J9;
Top 14;2012-2013;34;21;J10;
Top 14;2012-2013;38;36;J10;
Top 14;2012-2013;11;18;J10;
Top 14;2012-2013;32;16;J10;
Top 14;2012-2013;22;11;J10;
Top 14;2012-2013;24;19;J10;
Top 14;2012-2013;32;13;J10;
Top 14;2012-2013;27;9;J11;
Top 14;2012-2013;24;21;J11;
Top 14;2012-2013;20;13;J11;
Top 14;2012-2013;16;17;J11;
Top 14;2012-2013;15;3;J11;
Top 14;2012-2013;13;16;J11;
Top 14;2012-2013;9;6;J11;
Top 14;2012-2013;39;13;J12;
Top 14;2012-2013;30;22;J12;
Top 14;2012-2013;25;22;J12;
Top 14;2012-2013;15;31;J12;
Top 14;2012-2013;29;22;J12;
Top 14;2012-2013;39;3;J12;
Top 14;2012-2013;23;15;J12;
Top 14;2012-2013;24;28;J13;
Top 14;2012-2013;15;6;J13;
Top 14;2012-2013;30;19;J13;
Top 14;2012-2013;39;13;J13;
Top 14;2012-2013;31;10;J13;
Top 14;2012-2013;36;23;J13;
Top 14;2012-2013;9;15;J13;
Top 14;2012-2013;18;19;J14;
Top 14;2012-2013;48;3;J14;
Top 14;2012-2013;40;6;J14;
Top 14;2012-2013;19;9;J14;
Top 14;2012-2013;16;18;J14;
Top 14;2012-2013;54;16;J14;
Top 14;2012-2013;46;13;J14;
Top 14;2012-2013;16;11;J15;
Top 14;2012-2013;36;18;J15;
Top 14;2012-2013;21;13;J15;
Top 14;2012-2013;14;12;J15;
Top 14;2012-2013;26;16;J15;
Top 14;2012-2013;12;16;J15;
Top 14;2012-2013;15;19;J15;
Top 14;2012-2013;22;12;J16;
Top 14;2012-2013;9;13;J16;
Top 14;2012-2013;15;9;J16;
Top 14;2012-2013;35;6;J16;
Top 14;2012-2013;26;19;J16;
Top 14;2012-2013;15;22;J16;
Top 14;2012-2013;19;14;J16;
Top 14;2012-2013;12;6;J17;
Top 14;2012-2013;44;13;J17;
Top 14;2012-2013;41;0;J17;
Top 14;2012-2013;32;14;J17;
Top 14;2012-2013;13;10;J17;
Top 14;2012-2013;22;9;J17;
Top 14;2012-2013;33;10;J17;
Top 14;2012-2013;18;19;J18;
Top 14;2012-2013;51;6;J18;
Top 14;2012-2013;15;10;J18;
Top 14;2012-2013;30;14;J18;
Top 14;2012-2013;56;3;J18;
Top 14;2012-2013;27;13;J18;
Top 14;2012-2013;15;9;J18;
Top 14;2012-2013;25;20;J19;
Top 14;2012-2013;11;23;J19;
Top 14;2012-2013;15;13;J19;
Top 14;2012-2013;9;3;J19;
Top 14;2012-2013;10;17;J19;
Top 14;2012-2013;42;6;J19;
Top 14;2012-2013;32;16;J19;
Top 14;2012-2013;6;6;J20;
Top 14;2012-2013;10;37;J20;
Top 14;2012-2013;23;3;J20;
Top 14;2012-2013;48;17;J20;
Top 14;2012-2013;26;20;J20;
Top 14;2012-2013;17;31;J20;
Top 14;2012-2013;35;16;J20;
Top 14;2012-2013;15;17;J21;
Top 14;2012-2013;20;18;J21;
Top 14;2012-2013;50;15;J21;
Top 14;2012-2013;33;32;J21;
Top 14;2012-2013;20;30;J21;
Top 14;2012-2013;42;14;J21;
Top 14;2012-2013;37;10;J21;
Top 14;2012-2013;33;28;J22;
Top 14;2012-2013;23;19;J22;
Top 14;2012-2013;9;16;J22;
Top 14;2012-2013;20;9;J22;
Top 14;2012-2013;40;7;J22;
Top 14;2012-2013;32;28;J22;
Top 14;2012-2013;43;16;J22;
Top 14;2012-2013;33;16;J23;
Top 14;2012-2013;11;43;J23;
Top 14;2012-2013;17;30;J23;
Top 14;2012-2013;66;21;J23;
Top 14;2012-2013;39;13;J23;
Top 14;2012-2013;20;21;J23;
Top 14;2012-2013;26;27;J23;
Top 14;2012-2013;23;23;J24;
Top 14;2012-2013;10;8;J24;
Top 14;2012-2013;20;28;J24;
Top 14;2012-2013;31;24;J24;
Top 14;2012-2013;9;34;J24;
Top 14;2012-2013;33;28;J24;
Top 14;2012-2013;26;26;J24;
Top 14;2012-2013;39;17;J25;
Top 14;2012-2013;23;15;J25;
Top 14;2012-2013;16;0;J25;
Top 14;2012-2013;32;26;J25;
Top 14;2012-2013;44;17;J25;
Top 14;2012-2013;25;24;J25;
Top 14;2012-2013;19;16;J25;
Top 14;2012-2013;52;17;J26;
Top 14;2012-2013;43;21;J26;
Top 14;2012-2013;57;7;J26;
Top 14;2012-2013;29;28;J26;
Top 14;2012-2013;50;22;J26;
Top 14;2012-2013;33;36;J26;
Top 14;2012-2013;67;3;J26;
Top 14;2012-2013;33;19;Barrages;
Top 14;2012-2013;25;12;Barrages;
Top 14;2012-2013;24;9;Semi;
Top 14;2012-2013;9;25;Semi;
Top 14;2012-2013;14;19;Finale;
Top 14;2013-2014;22;22;J1;
Top 14;2013-2014;18;22;J1;
Top 14;2013-2014;39;11;J1;
Top 14;2013-2014;31;25;J1;
Top 14;2013-2014;19;16;J1;
Top 14;2013-2014;19;14;J1;
Top 14;2013-2014;26;23;J1;
Top 14;2013-2014;41;14;J2;
Top 14;2013-2014;30;19;J2;
Top 14;2013-2014;34;6;J2;
Top 14;2013-2014;19;12;J2;
Top 14;2013-2014;40;3;J2;
Top 14;2013-2014;27;28;J2;
Top 14;2013-2014;25;12;J2;
Top 14;2013-2014;38;3;J3;
Top 14;2013-2014;38;19;J3;
Top 14;2013-2014;21;20;J3;
Top 14;2013-2014;33;24;J3;
Top 14;2013-2014;22;9;J3;
Top 14;2013-2014;31;20;J3;
Top 14;2013-2014;28;26;J3;
Top 14;2013-2014;38;10;J4;
Top 14;2013-2014;55;0;J4;
Top 14;2013-2014;36;13;J4;
Top 14;2013-2014;29;36;J4;
Top 14;2013-2014;62;12;J4;
Top 14;2013-2014;24;22;J4;
Top 14;2013-2014;30;6;J4;
Top 14;2013-2014;25;0;J5;
Top 14;2013-2014;17;10;J5;
Top 14;2013-2014;13;24;J5;
Top 14;2013-2014;19;16;J5;
Top 14;2013-2014;21;14;J5;
Top 14;2013-2014;19;9;J5;
Top 14;2013-2014;23;16;J5;
Top 14;2013-2014;28;16;J6;
Top 14;2013-2014;22;15;J6;
Top 14;2013-2014;35;10;J6;
Top 14;2013-2014;31;7;J6;
Top 14;2013-2014;27;13;J6;
Top 14;2013-2014;25;18;J6;
Top 14;2013-2014;16;19;J6;
Top 14;2013-2014;43;3;J7;
Top 14;2013-2014;26;9;J7;
Top 14;2013-2014;21;27;J7;
Top 14;2013-2014;31;6;J7;
Top 14;2013-2014;18;12;J7;
Top 14;2013-2014;26;19;J7;
Top 14;2013-2014;15;16;J7;
Top 14;2013-2014;18;11;J8;
Top 14;2013-2014;25;22;J8;
Top 14;2013-2014;12;12;J8;
Top 14;2013-2014;19;15;J8;
Top 14;2013-2014;27;19;J8;
Top 14;2013-2014;20;16;J8;
Top 14;2013-2014;40;11;J8;
Top 14;2013-2014;12;16;J9;
Top 14;2013-2014;25;19;J9;
Top 14;2013-2014;20;22;J9;
Top 14;2013-2014;45;20;J9;
Top 14;2013-2014;34;6;J9;
Top 14;2013-2014;34;0;J9;
Top 14;2013-2014;28;10;J9;
Top 14;2013-2014;24;19;J10;
Top 14;2013-2014;13;12;J10;
Top 14;2013-2014;36;29;J10;
Top 14;2013-2014;31;20;J10;
Top 14;2013-2014;23;10;J10;
Top 14;2013-2014;39;0;J10;
Top 14;2013-2014;16;12;J10;
Top 14;2013-2014;37;17;J11;
Top 14;2013-2014;22;22;J11;
Top 14;2013-2014;25;13;J11;
Top 14;2013-2014;9;6;J11;
Top 14;2013-2014;22;9;J11;
Top 14;2013-2014;25;18;J11;
Top 14;2013-2014;13;9;J11;
Top 14;2013-2014;15;9;J12;
Top 14;2013-2014;14;3;J12;
Top 14;2013-2014;16;20;J12;
Top 14;2013-2014;45;23;J12;
Top 14;2013-2014;24;21;J12;
Top 14;2013-2014;9;14;J12;
Top 14;2013-2014;47;14;J12;
Top 14;2013-2014;23;30;J13;
Top 14;2013-2014;23;0;J13;
Top 14;2013-2014;46;16;J13;
Top 14;2013-2014;15;22;J13;
Top 14;2013-2014;26;9;J13;
Top 14;2013-2014;17;12;J13;
Top 14;2013-2014;25;18;J13;
Top 14;2013-2014;21;6;J14;
Top 14;2013-2014;43;10;J14;
Top 14;2013-2014;9;9;J14;
Top 14;2013-2014;37;13;J14;
Top 14;2013-2014;35;6;J14;
Top 14;2013-2014;9;6;J14;
Top 14;2013-2014;18;16;J14;
Top 14;2013-2014;19;12;J15;
Top 14;2013-2014;48;22;J15;
Top 14;2013-2014;20;16;J15;
Top 14;2013-2014;33;19;J15;
Top 14;2013-2014;27;23;J15;
Top 14;2013-2014;21;13;J15;
Top 14;2013-2014;14;3;J15;
Top 14;2013-2014;15;9;J16;
Top 14;2013-2014;21;22;J16;
Top 14;2013-2014;6;18;J16;
Top 14;2013-2014;6;0;J16;
Top 14;2013-2014;20;8;J16;
Top 14;2013-2014;15;9;J16;
Top 14;2013-2014;19;12;J16;
Top 14;2013-2014;32;6;J17;
Top 14;2013-2014;25;5;J17;
Top 14;2013-2014;25;19;J17;
Top 14;2013-2014;28;23;J17;
Top 14;2013-2014;18;9;J17;
Top 14;2013-2014;23;10;J17;
Top 14;2013-2014;22;24;J17;
Top 14;2013-2014;38;17;J18;
Top 14;2013-2014;25;13;J18;
Top 14;2013-2014;9;6;J18;
Top 14;2013-2014;17;16;J18;
Top 14;2013-2014;19;19;J18;
Top 14;2013-2014;33;20;J18;
Top 14;2013-2014;12;15;J18;
Top 14;2013-2014;16;13;J19;
Top 14;2013-2014;19;13;J19;
Top 14;2013-2014;18;8;J19;
Top 14;2013-2014;50;19;J19;
Top 14;2013-2014;6;16;J19;
Top 14;2013-2014;28;12;J19;
Top 14;2013-2014;26;12;J19;
Top 14;2013-2014;42;16;J20;
Top 14;2013-2014;25;9;J20;
Top 14;2013-2014;20;22;J20;
Top 14;2013-2014;29;26;J20;
Top 14;2013-2014;12;6;J20;
Top 14;2013-2014;29;27;J20;
Top 14;2013-2014;9;15;J20;
Top 14;2013-2014;19;10;J21;
Top 14;2013-2014;26;16;J21;
Top 14;2013-2014;25;15;J21;
Top 14;2013-2014;31;6;J21;
Top 14;2013-2014;64;10;J21;
Top 14;2013-2014;37;9;J21;
Top 14;2013-2014;8;11;J21;
Top 14;2013-2014;22;16;J22;
Top 14;2013-2014;27;27;J22;
Top 14;2013-2014;38;6;J22;
Top 14;2013-2014;22;23;J22;
Top 14;2013-2014;8;22;J22;
Top 14;2013-2014;16;10;J22;
Top 14;2013-2014;13;26;J22;
Top 14;2013-2014;26;24;J23;
Top 14;2013-2014;22;32;J23;
Top 14;2013-2014;43;27;J23;
Top 14;2013-2014;40;13;J23;
Top 14;2013-2014;23;5;J23;
Top 14;2013-2014;34;34;J23;
Top 14;2013-2014;32;28;J23;
Top 14;2013-2014;23;11;J24;
Top 14;2013-2014;20;22;J24;
Top 14;2013-2014;37;7;J24;
Top 14;2013-2014;22;12;J24;
Top 14;2013-2014;30;36;J24;
Top 14;2013-2014;24;19;J24;
Top 14;2013-2014;16;9;J24;
Top 14;2013-2014;22;15;J25;
Top 14;2013-2014;19;19;J25;
Top 14;2013-2014;31;46;J25;
Top 14;2013-2014;21;21;J25;
Top 14;2013-2014;19;13;J25;
Top 14;2013-2014;22;6;J25;
Top 14;2013-2014;37;23;J25;
Top 14;2013-2014;38;8;J26;
Top 14;2013-2014;17;15;J26;
Top 14;2013-2014;44;10;J26;
Top 14;2013-2014;25;22;J26;
Top 14;2013-2014;54;20;J26;
Top 14;2013-2014;23;13;J26;
Top 14;2013-2014;19;17;J26;
Top 14;2013-2014;16;21;Barrages;
Top 14;2013-2014;16;22;Barrages;
Top 14;2013-2014;16;6;Semi;
Top 14;2013-2014;19;22;Semi;
Top 14;2013-2014;18;10;Finale;
Top 14;2014-2015;15;29;J1;
Top 14;2014-2015;30;26;J1;
Top 14;2014-2015;18;9;J1;
Top 14;2014-2015;37;15;J1;
Top 14;2014-2015;22;25;J1;
Top 14;2014-2015;20;19;J1;
Top 14;2014-2015;16;19;J1;
Top 14;2014-2015;35;6;J2;
Top 14;2014-2015;6;21;J2;
Top 14;2014-2015;60;19;J2;
Top 14;2014-2015;20;17;J2;
Top 14;2014-2015;30;21;J2;
Top 14;2014-2015;38;12;J2;
Top 14;2014-2015;23;20;J2;
Top 14;2014-2015;20;21;J3;
Top 14;2014-2015;37;25;J3;
Top 14;2014-2015;33;6;J3;
Top 14;2014-2015;24;6;J3;
Top 14;2014-2015;37;23;J3;
Top 14;2014-2015;30;6;J3;
Top 14;2014-2015;17;10;J3;
Top 14;2014-2015;43;10;J4;
Top 14;2014-2015;26;19;J4;
Top 14;2014-2015;32;6;J4;
Top 14;2014-2015;34;29;J4;
Top 14;2014-2015;26;23;J4;
Top 14;2014-2015;30;12;J4;
Top 14;2014-2015;18;13;J4;
Top 14;2014-2015;41;16;J5;
Top 14;2014-2015;9;13;J5;
Top 14;2014-2015;28;11;J5;
Top 14;2014-2015;40;27;J5;
Top 14;2014-2015;23;6;J5;
Top 14;2014-2015;24;28;J5;
Top 14;2014-2015;27;21;J5;
Top 14;2014-2015;13;53;J6;
Top 14;2014-2015;27;16;J6;
Top 14;2014-2015;26;29;J6;
Top 14;2014-2015;24;15;J6;
Top 14;2014-2015;43;12;J6;
Top 14;2014-2015;27;18;J6;
Top 14;2014-2015;23;3;J6;
Top 14;2014-2015;35;19;J7;
Top 14;2014-2015;40;17;J7;
Top 14;2014-2015;34;24;J7;
Top 14;2014-2015;27;25;J7;
Top 14;2014-2015;28;18;J7;
Top 14;2014-2015;43;10;J7;
Top 14;2014-2015;8;19;J7;
Top 14;2014-2015;18;21;J8;
Top 14;2014-2015;51;21;J8;
Top 14;2014-2015;51;10;J8;
Top 14;2014-2015;29;10;J8;
Top 14;2014-2015;10;15;J8;
Top 14;2014-2015;46;32;J8;
Top 14;2014-2015;22;10;J8;
Top 14;2014-2015;26;25;J9;
Top 14;2014-2015;59;7;J9;
Top 14;2014-2015;25;9;J9;
Top 14;2014-2015;24;19;J9;
Top 14;2014-2015;30;10;J9;
Top 14;2014-2015;23;19;J9;
Top 14;2014-2015;21;10;J9;
Top 14;2014-2015;17;41;J10;
Top 14;2014-2015;21;15;J10;
Top 14;2014-2015;21;15;J10;
Top 14;2014-2015;39;22;J10;
Top 14;2014-2015;17;21;J10;
Top 14;2014-2015;24;13;J10;
Top 14;2014-2015;61;28;J10;
Top 14;2014-2015;10;25;J11;
Top 14;2014-2015;22;14;J11;
Top 14;2014-2015;27;10;J11;
Top 14;2014-2015;34;30;J11;
Top 14;2014-2015;51;9;J11;
Top 14;2014-2015;37;9;J11;
Top 14;2014-2015;20;21;J11;
Top 14;2014-2015;27;19;J12;
Top 14;2014-2015;9;14;J12;
Top 14;2014-2015;19;19;J12;
Top 14;2014-2015;23;20;J12;
Top 14;2014-2015;28;23;J12;
Top 14;2014-2015;22;25;J12;
Top 14;2014-2015;20;17;J12;
Top 14;2014-2015;30;43;J13;
Top 14;2014-2015;23;20;J13;
Top 14;2014-2015;19;6;J13;
Top 14;2014-2015;15;12;J13;
Top 14;2014-2015;27;8;J13;
Top 14;2014-2015;30;6;J13;
Top 14;2014-2015;19;10;J13;
Top 14;2014-2015;15;9;J14;
Top 14;2014-2015;12;9;J14;
Top 14;2014-2015;19;15;J14;
Top 14;2014-2015;27;9;J14;
Top 14;2014-2015;46;10;J14;
Top 14;2014-2015;16;13;J14;
Top 14;2014-2015;30;6;J14;
Top 14;2014-2015;12;9;J15;
Top 14;2014-2015;12;9;J15;
Top 14;2014-2015;30;15;J15;
Top 14;2014-2015;33;19;J15;
Top 14;2014-2015;25;9;J15;
Top 14;2014-2015;16;12;J15;
Top 14;2014-2015;24;6;J15;
Top 14;2014-2015;49;13;J16;
Top 14;2014-2015;32;23;J16;
Top 14;2014-2015;29;26;J16;
Top 14;2014-2015;20;13;J16;
Top 14;2014-2015;34;16;J16;
Top 14;2014-2015;23;22;J16;
Top 14;2014-2015;44;20;J16;
Top 14;2014-2015;24;17;J17;
Top 14;2014-2015;34;24;J17;
Top 14;2014-2015;13;15;J17;
Top 14;2014-2015;11;13;J17;
Top 14;2014-2015;16;12;J17;
Top 14;2014-2015;23;0;J17;
Top 14;2014-2015;9;13;J17;
Top 14;2014-2015;19;12;J18;
Top 14;2014-2015;28;23;J18;
Top 14;2014-2015;20;18;J18;
Top 14;2014-2015;23;6;J18;
Top 14;2014-2015;23;13;J18;
Top 14;2014-2015;23;20;J18;
Top 14;2014-2015;13;13;J18;
Top 14;2014-2015;9;3;J19;
Top 14;2014-2015;22;23;J19;
Top 14;2014-2015;15;15;J19;
Top 14;2014-2015;28;16;J19;
Top 14;2014-2015;23;20;J19;
Top 14;2014-2015;34;29;J19;
Top 14;2014-2015;34;11;J19;
Top 14;2014-2015;31;23;J20;
Top 14;2014-2015;18;13;J20;
Top 14;2014-2015;21;19;J20;
Top 14;2014-2015;35;20;J20;
Top 14;2014-2015;21;30;J20;
Top 14;2014-2015;36;12;J20;
Top 14;2014-2015;14;22;J20;
Top 14;2014-2015;6;12;J21;
Top 14;2014-2015;40;26;J21;
Top 14;2014-2015;21;22;J21;
Top 14;2014-2015;45;17;J21;
Top 14;2014-2015;24;3;J21;
Top 14;2014-2015;24;34;J21;
Top 14;2014-2015;12;16;J21;
Top 14;2014-2015;19;19;J22;
Top 14;2014-2015;24;24;J22;
Top 14;2014-2015;10;11;J22;
Top 14;2014-2015;22;20;J22;
Top 14;2014-2015;20;17;J22;
Top 14;2014-2015;24;35;J22;
Top 14;2014-2015;22;20;J22;
Top 14;2014-2015;12;21;J23;
Top 14;2014-2015;32;29;J23;
Top 14;2014-2015;22;37;J23;
Top 14;2014-2015;15;10;J23;
Top 14;2014-2015;42;33;J23;
Top 14;2014-2015;21;16;J23;
Top 14;2014-2015;31;10;J23;
Top 14;2014-2015;37;21;J24;
Top 14;2014-2015;67;19;J24;
Top 14;2014-2015;33;16;J24;
Top 14;2014-2015;16;16;J24;
Top 14;2014-2015;26;23;J24;
Top 14;2014-2015;17;37;J24;
Top 14;2014-2015;19;28;J24;
Top 14;2014-2015;28;10;J25;
Top 14;2014-2015;32;11;J25;
Top 14;2014-2015;32;12;J25;
Top 14;2014-2015;18;18;J25;
Top 14;2014-2015;38;20;J25;
Top 14;2014-2015;35;21;J25;
Top 14;2014-2015;22;19;J25;
Top 14;2014-2015;23;22;J26;
Top 14;2014-2015;46;17;J26;
Top 14;2014-2015;53;10;J26;
Top 14;2014-2015;17;29;J26;
Top 14;2014-2015;29;24;J26;
Top 14;2014-2015;27;0;J26;
Top 14;2014-2015;45;12;J26;
Top 14;2014-2015;38;15;Barrages;
Top 14;2014-2015;20;19;Barrages;
Top 14;2014-2015;16;33;Semi;
Top 14;2014-2015;18;14;Semi;
Top 14;2014-2015;6;12;Finale;
Top 14;2015-2016;22;27;J1;
Top 14;2015-2016;6;44;J1;
Top 14;2015-2016;38;23;J1;
Top 14;2015-2016;35;19;J1;
Top 14;2015-2016;24;7;J1;
Top 14;2015-2016;19;16;J1;
Top 14;2015-2016;34;18;J1;
Top 14;2015-2016;25;6;J2;
Top 14;2015-2016;9;20;J2;
Top 14;2015-2016;20;19;J2;
Top 14;2015-2016;37;19;J2;
Top 14;2015-2016;26;16;J2;
Top 14;2015-2016;22;13;J2;
Top 14;2015-2016;24;9;J2;
Top 14;2015-2016;24;41;J3;
Top 14;2015-2016;30;18;J3;
Top 14;2015-2016;41;15;J3;
Top 14;2015-2016;21;18;J3;
Top 14;2015-2016;37;20;J3;
Top 14;2015-2016;22;24;J3;
Top 14;2015-2016;13;20;J3;
Top 14;2015-2016;35;26;J4;
Top 14;2015-2016;45;24;J4;
Top 14;2015-2016;23;14;J4;
Top 14;2015-2016;44;20;J4;
Top 14;2015-2016;26;26;J4;
Top 14;2015-2016;18;12;J4;
Top 14;2015-2016;9;6;J4;
Top 14;2015-2016;22;9;J5;
Top 14;2015-2016;16;31;J5;
Top 14;2015-2016;19;30;J5;
Top 14;2015-2016;9;18;J5;
Top 14;2015-2016;35;10;J5;
Top 14;2015-2016;39;22;J5;
Top 14;2015-2016;29;26;J5;
Top 14;2015-2016;27;18;J6;
Top 14;2015-2016;23;31;J6;
Top 14;2015-2016;13;18;J6;
Top 14;2015-2016;61;3;J6;
Top 14;2015-2016;12;10;J6;
Top 14;2015-2016;24;19;J6;
Top 14;2015-2016;23;6;J6;
Top 14;2015-2016;17;14;J7;
Top 14;2015-2016;21;16;J7;
Top 14;2015-2016;42;23;J7;
Top 14;2015-2016;28;23;J7;
Top 14;2015-2016;25;33;J7;
Top 14;2015-2016;42;13;J7;
Top 14;2015-2016;33;29;J7;
Top 14;2015-2016;52;8;J8;
Top 14;2015-2016;38;3;J8;
Top 14;2015-2016;33;31;J8;
Top 14;2015-2016;16;3;J8;
Top 14;2015-2016;52;12;J8;
Top 14;2015-2016;34;8;J8;
Top 14;2015-2016;14;9;J8;
Top 14;2015-2016;25;20;J9;
Top 14;2015-2016;28;13;J9;
Top 14;2015-2016;9;34;J9;
Top 14;2015-2016;46;10;J9;
Top 14;2015-2016;18;23;J9;
Top 14;2015-2016;9;35;J9;
Top 14;2015-2016;19;21;J9;
Top 14;2015-2016;15;15;J10;
Top 14;2015-2016;53;23;J10;
Top 14;2015-2016;21;24;J10;
Top 14;2015-2016;33;16;J10;
Top 14;2015-2016;34;19;J10;
Top 14;2015-2016;27;3;J10;
Top 14;2015-2016;21;26;J10;
Top 14;2015-2016;25;12;J11;
Top 14;2015-2016;25;19;J11;
Top 14;2015-2016;23;8;J11;
Top 14;2015-2016;15;11;J11;
Top 14;2015-2016;45;20;J11;
Top 14;2015-2016;16;20;J11;
Top 14;2015-2016;31;8;J11;
Top 14;2015-2016;16;33;J12;
Top 14;2015-2016;42;17;J12;
Top 14;2015-2016;25;21;J12;
Top 14;2015-2016;23;18;J12;
Top 14;2015-2016;19;18;J12;
Top 14;2015-2016;21;17;J12;
Top 14;2015-2016;18;17;J12;
Top 14;2015-2016;15;12;J13;
Top 14;2015-2016;33;20;J13;
Top 14;2015-2016;60;7;J13;
Top 14;2015-2016;30;28;J13;
Top 14;2015-2016;21;16;J13;
Top 14;2015-2016;26;22;J13;
Top 14;2015-2016;32;23;J13;
Top 14;2015-2016;28;6;J14;
Top 14;2015-2016;15;19;J14;
Top 14;2015-2016;19;9;J14;
Top 14;2015-2016;26;3;J14;
Top 14;2015-2016;27;33;J14;
Top 14;2015-2016;54;3;J14;
Top 14;2015-2016;23;16;J14;
Top 14;2015-2016;32;17;J15;
Top 14;2015-2016;17;28;J15;
Top 14;2015-2016;16;19;J15;
Top 14;2015-2016;35;39;J15;
Top 14;2015-2016;24;19;J15;
Top 14;2015-2016;28;8;J15;
Top 14;2015-2016;13;44;J15;
Top 14;2015-2016;44;15;J16;
Top 14;2015-2016;3;15;J16;
Top 14;2015-2016;31;27;J16;
Top 14;2015-2016;44;16;J16;
Top 14;2015-2016;18;33;J16;
Top 14;2015-2016;9;13;J16;
Top 14;2015-2016;29;31;J16;
Top 14;2015-2016;12;45;J17;
Top 14;2015-2016;21;21;J17;
Top 14;2015-2016;38;13;J17;
Top 14;2015-2016;19;12;J17;
Top 14;2015-2016;48;20;J17;
Top 14;2015-2016;22;19;J17;
Top 14;2015-2016;19;14;J17;
Top 14;2015-2016;13;13;J18;
Top 14;2015-2016;16;34;J18;
Top 14;2015-2016;25;6;J18;
Top 14;2015-2016;35;16;J18;
Top 14;2015-2016;50;6;J18;
Top 14;2015-2016;38;8;J18;
Top 14;2015-2016;10;31;J18;
Top 14;2015-2016;20;21;J19;
Top 14;2015-2016;21;45;J19;
Top 14;2015-2016;39;23;J19;
Top 14;2015-2016;23;22;J19;
Top 14;2015-2016;25;6;J19;
Top 14;2015-2016;19;24;J19;
Top 14;2015-2016;36;3;J19;
Top 14;2015-2016;19;3;J20;
Top 14;2015-2016;15;9;J20;
Top 14;2015-2016;21;18;J20;
Top 14;2015-2016;20;27;J20;
Top 14;2015-2016;26;33;J20;
Top 14;2015-2016;20;28;J20;
Top 14;2015-2016;18;19;J20;
Top 14;2015-2016;28;33;J21;
Top 14;2015-2016;9;25;J21;
Top 14;2015-2016;31;13;J21;
Top 14;2015-2016;38;10;J21;
Top 14;2015-2016;22;15;J21;
Top 14;2015-2016;20;26;J21;
Top 14;2015-2016;14;3;J21;
Top 14;2015-2016;10;12;J22;
Top 14;2015-2016;37;19;J22;
Top 14;2015-2016;37;6;J22;
Top 14;2015-2016;17;16;J22;
Top 14;2015-2016;51;10;J22;
Top 14;2015-2016;35;25;J22;
Top 14;2015-2016;26;20;J22;
Top 14;2015-2016;14;20;J23;
Top 14;2015-2016;69;8;J23;
Top 14;2015-2016;10;16;J23;
Top 14;2015-2016;36;10;J23;
Top 14;2015-2016;33;27;J23;
Top 14;2015-2016;52;19;J23;
Top 14;2015-2016;17;7;J23;
Top 14;2015-2016;13;52;J24;
Top 14;2015-2016;43;13;J24;
Top 14;2015-2016;67;20;J24;
Top 14;2015-2016;17;25;J24;
Top 14;2015-2016;45;24;J24;
Top 14;2015-2016;19;16;J24;
Top 14;2015-2016;36;10;J24;
Top 14;2015-2016;14;30;J25;
Top 14;2015-2016;34;7;J25;
Top 14;2015-2016;28;26;J25;
Top 14;2015-2016;29;12;J25;
Top 14;2015-2016;20;25;J25;
Top 14;2015-2016;22;11;J25;
Top 14;2015-2016;36;21;J25;
Top 14;2015-2016;46;10;J26;
Top 14;2015-2016;35;14;J26;
Top 14;2015-2016;40;25;J26;
Top 14;2015-2016;23;19;J26;
Top 14;2015-2016;57;8;J26;
Top 14;2015-2016;44;3;J26;
Top 14;2015-2016;14;53;J26;
Top 14;2015-2016;21;16;Barrages;
Top 14;2015-2016;28;9;Barrages;
Top 14;2015-2016;33;34;Semi;
Top 14;2015-2016;27;18;Semi;
Top 14;2015-2016;21;29;Finale;
Top 14;2016-2017;54;20;J1;
Top 14;2016-2017;15;9;J1;
Top 14;2016-2017;28;11;J1;
Top 14;2016-2017;30;30;J1;
Top 14;2016-2017;15;15;J1;
Top 14;2016-2017;20;12;J1;
Top 14;2016-2017;28;23;J1;
Top 14;2016-2017;18;22;J2;
Top 14;2016-2017;29;16;J2;
Top 14;2016-2017;19;22;J2;
Top 14;2016-2017;28;20;J2;
Top 14;2016-2017;12;12;J2;
Top 14;2016-2017;22;17;J2;
Top 14;2016-2017;22;26;J2;
Top 14;2016-2017;30;30;J3;
Top 14;2016-2017;18;26;J3;
Top 14;2016-2017;32;13;J3;
Top 14;2016-2017;25;9;J3;
Top 14;2016-2017;21;25;J3;
Top 14;2016-2017;15;32;J3;
Top 14;2016-2017;28;14;J3;
Top 14;2016-2017;29;25;J4;
Top 14;2016-2017;40;20;J4;
Top 14;2016-2017;41;13;J4;
Top 14;2016-2017;43;18;J4;
Top 14;2016-2017;47;10;J4;
Top 14;2016-2017;36;23;J4;
Top 14;2016-2017;15;32;J4;
Top 14;2016-2017;25;20;J5;
Top 14;2016-2017;9;21;J5;
Top 14;2016-2017;29;28;J5;
Top 14;2016-2017;23;6;J5;
Top 14;2016-2017;40;16;J5;
Top 14;2016-2017;46;9;J5;
Top 14;2016-2017;41;30;J5;
Top 14;2016-2017;31;23;J6;
Top 14;2016-2017;34;17;J6;
Top 14;2016-2017;38;39;J6;
Top 14;2016-2017;32;10;J6;
Top 14;2016-2017;23;18;J6;
Top 14;2016-2017;42;13;J6;
Top 14;2016-2017;23;21;J6;
Top 14;2016-2017;29;19;J7;
Top 14;2016-2017;31;3;J7;
Top 14;2016-2017;28;30;J7;
Top 14;2016-2017;22;22;J7;
Top 14;2016-2017;25;16;J7;
Top 14;2016-2017;31;26;J7;
Top 14;2016-2017;28;6;J7;
Top 14;2016-2017;29;22;J8;
Top 14;2016-2017;44;16;J8;
Top 14;2016-2017;28;19;J8;
Top 14;2016-2017;27;25;J8;
Top 14;2016-2017;17;17;J8;
Top 14;2016-2017;27;22;J8;
Top 14;2016-2017;29;25;J8;
Top 14;2016-2017;20;24;J9;
Top 14;2016-2017;42;12;J9;
Top 14;2016-2017;12;11;J9;
Top 14;2016-2017;25;19;J9;
Top 14;2016-2017;3;16;J9;
Top 14;2016-2017;33;27;J9;
Top 14;2016-2017;16;40;J9;
Top 14;2016-2017;37;19;J10;
Top 14;2016-2017;16;15;J10;
Top 14;2016-2017;21;20;J10;
Top 14;2016-2017;26;9;J10;
Top 14;2016-2017;21;9;J10;
Top 14;2016-2017;27;6;J10;
Top 14;2016-2017;27;13;J10;
Top 14;2016-2017;26;17;J11;
Top 14;2016-2017;32;13;J11;
Top 14;2016-2017;22;24;J11;
Top 14;2016-2017;25;20;J11;
Top 14;2016-2017;22;14;J11;
Top 14;2016-2017;25;19;J11;
Top 14;2016-2017;31;12;J11;
Top 14;2016-2017;34;17;J12;
Top 14;2016-2017;29;24;J12;
Top 14;2016-2017;16;13;J12;
Top 14;2016-2017;38;25;J12;
Top 14;2016-2017;26;0;J12;
Top 14;2016-2017;21;17;J12;
Top 14;2016-2017;16;13;J12;
Top 14;2016-2017;40;35;J13;
Top 14;2016-2017;51;5;J13;
Top 14;2016-2017;19;23;J13;
Top 14;2016-2017;37;51;J13;
Top 14;2016-2017;23;23;J13;
Top 14;2016-2017;30;12;J13;
Top 14;2016-2017;37;10;J13;
Top 14;2016-2017;26;22;J14;
Top 14;2016-2017;22;6;J14;
Top 14;2016-2017;16;18;J14;
Top 14;2016-2017;46;10;J14;
Top 14;2016-2017;17;42;J14;
Top 14;2016-2017;23;10;J14;
Top 14;2016-2017;33;29;J14;
Top 14;2016-2017;19;16;J15;
Top 14;2016-2017;32;27;J15;
Top 14;2016-2017;12;10;J15;
Top 14;2016-2017;47;18;J15;
Top 14;2016-2017;26;20;J15;
Top 14;2016-2017;40;3;J15;
Top 14;2016-2017;17;11;J15;
Top 14;2016-2017;31;26;J16;
Top 14;2016-2017;23;22;J16;
Top 14;2016-2017;22;8;J16;
Top 14;2016-2017;15;18;J16;
Top 14;2016-2017;30;6;J16;
Top 14;2016-2017;59;20;J16;
Top 14;2016-2017;38;15;J16;
Top 14;2016-2017;20;23;J17;
Top 14;2016-2017;38;25;J17;
Top 14;2016-2017;44;22;J17;
Top 14;2016-2017;10;20;J17;
Top 14;2016-2017;37;25;J17;
Top 14;2016-2017;33;23;J17;
Top 14;2016-2017;23;23;J17;
Top 14;2016-2017;37;18;J18;
Top 14;2016-2017;46;27;J18;
Top 14;2016-2017;39;22;J18;
Top 14;2016-2017;33;25;J18;
Top 14;2016-2017;31;17;J18;
Top 14;2016-2017;17;29;J18;
Top 14;2016-2017;27;18;J18;
Top 14;2016-2017;26;16;J19;
Top 14;2016-2017;25;25;J19;
Top 14;2016-2017;19;10;J19;
Top 14;2016-2017;15;5;J19;
Top 14;2016-2017;16;3;J19;
Top 14;2016-2017;32;9;J19;
Top 14;2016-2017;21;27;J19;
Top 14;2016-2017;46;14;J20;
Top 14;2016-2017;35;33;J20;
Top 14;2016-2017;82;14;J20;
Top 14;2016-2017;21;19;J20;
Top 14;2016-2017;15;38;J20;
Top 14;2016-2017;18;12;J20;
Top 14;2016-2017;19;28;J20;
Top 14;2016-2017;65;13;J21;
Top 14;2016-2017;24;20;J21;
Top 14;2016-2017;36;17;J21;
Top 14;2016-2017;42;26;J21;
Top 14;2016-2017;23;23;J21;
Top 14;2016-2017;33;10;J21;
Top 14;2016-2017;54;3;J21;
Top 14;2016-2017;27;24;J22;
Top 14;2016-2017;21;20;J22;
Top 14;2016-2017;52;7;J22;
Top 14;2016-2017;13;23;J22;
Top 14;2016-2017;20;11;J22;
Top 14;2016-2017;28;25;J22;
Top 14;2016-2017;17;11;J22;
Top 14;2016-2017;16;5;J23;
Top 14;2016-2017;16;17;J23;
Top 14;2016-2017;16;32;J23;
Top 14;2016-2017;54;14;J23;
Top 14;2016-2017;21;26;J23;
Top 14;2016-2017;34;32;J23;
Top 14;2016-2017;33;23;J23;
Top 14;2016-2017;23;14;J24;
Top 14;2016-2017;19;22;J24;
Top 14;2016-2017;18;59;J24;
Top 14;2016-2017;51;16;J24;
Top 14;2016-2017;29;25;J24;
Top 14;2016-2017;61;22;J24;
Top 14;2016-2017;8;10;J24;
Top 14;2016-2017;52;7;J25;
Top 14;2016-2017;32;27;J25;
Top 14;2016-2017;20;23;J25;
Top 14;2016-2017;43;35;J25;
Top 14;2016-2017;13;26;J25;
Top 14;2016-2017;40;37;J25;
Top 14;2016-2017;27;23;J25;
Top 14;2016-2017;40;12;J26;
Top 14;2016-2017;32;12;J26;
Top 14;2016-2017;22;20;J26;
Top 14;2016-2017;27;26;J26;
Top 14;2016-2017;53;21;J26;
Top 14;2016-2017;30;26;J26;
Top 14;2016-2017;33;27;J26;
Top 14;2016-2017;26;22;Barrages;
Top 14;2016-2017;13;22;Barrages;
Top 14;2016-2017;15;18;Semi;
Top 14;2016-2017;37;31;Semi;
Top 14;2016-2017;22;16;Finale;
Top 14;2017-2018;23;23;J1;
Top 14;2017-2018;10;19;J1;
Top 14;2017-2018;48;19;J1;
Top 14;2017-2018;16;25;J1;
Top 14;2017-2018;25;21;J1;
Top 14;2017-2018;32;25;J1;
Top 14;2017-2018;41;14;J1;
Top 14;2017-2018;23;19;J2;
Top 14;2017-2018;35;24;J2;
Top 14;2017-2018;33;19;J2;
Top 14;2017-2018;29;14;J2;
Top 14;2017-2018;37;6;J2;
Top 14;2017-2018;23;19;J2;
Top 14;2017-2018;21;16;J2;
Top 14;2017-2018;51;20;J3;
Top 14;2017-2018;30;10;J3;
Top 14;2017-2018;6;25;J3;
Top 14;2017-2018;12;10;J3;
Top 14;2017-2018;17;22;J3;
Top 14;2017-2018;30;14;J3;
Top 14;2017-2018;20;16;J3;
Top 14;2017-2018;53;17;J4;
Top 14;2017-2018;15;20;J4;
Top 14;2017-2018;49;14;J4;
Top 14;2017-2018;28;13;J4;
Top 14;2017-2018;62;6;J4;
Top 14;2017-2018;25;13;J4;
Top 14;2017-2018;43;20;J4;
Top 14;2017-2018;23;21;J5;
Top 14;2017-2018;14;20;J5;
Top 14;2017-2018;47;17;J5;
Top 14;2017-2018;57;12;J5;
Top 14;2017-2018;19;22;J5;
Top 14;2017-2018;31;12;J5;
Top 14;2017-2018;15;19;J5;
Top 14;2017-2018;26;20;J6;
Top 14;2017-2018;23;25;J6;
Top 14;2017-2018;9;39;J6;
Top 14;2017-2018;30;10;J6;
Top 14;2017-2018;17;20;J6;
Top 14;2017-2018;54;10;J6;
Top 14;2017-2018;29;23;J6;
Top 14;2017-2018;31;20;J7;
Top 14;2017-2018;30;27;J7;
Top 14;2017-2018;27;22;J7;
Top 14;2017-2018;16;19;J7;
Top 14;2017-2018;6;25;J7;
Top 14;2017-2018;16;9;J7;
Top 14;2017-2018;28;18;J7;
Top 14;2017-2018;41;24;J8;
Top 14;2017-2018;29;13;J8;
Top 14;2017-2018;52;18;J8;
Top 14;2017-2018;16;22;J8;
Top 14;2017-2018;33;10;J8;
Top 14;2017-2018;43;28;J8;
Top 14;2017-2018;37;21;J8;
Top 14;2017-2018;38;37;J9;
Top 14;2017-2018;23;20;J9;
Top 14;2017-2018;19;32;J9;
Top 14;2017-2018;15;19;J9;
Top 14;2017-2018;26;24;J9;
Top 14;2017-2018;20;19;J9;
Top 14;2017-2018;28;24;J9;
Top 14;2017-2018;39;18;J10;
Top 14;2017-2018;31;15;J10;
Top 14;2017-2018;33;23;J10;
Top 14;2017-2018;32;22;J10;
Top 14;2017-2018;34;15;J10;
Top 14;2017-2018;39;35;J10;
Top 14;2017-2018;29;40;J10;
Top 14;2017-2018;20;19;J11;
Top 14;2017-2018;27;27;J11;
Top 14;2017-2018;29;13;J11;
Top 14;2017-2018;44;14;J11;
Top 14;2017-2018;32;32;J11;
Top 14;2017-2018;26;0;J11;
Top 14;2017-2018;9;17;J11;
Top 14;2017-2018;26;14;J12;
Top 14;2017-2018;31;41;J12;
Top 14;2017-2018;27;17;J12;
Top 14;2017-2018;33;30;J12;
Top 14;2017-2018;39;11;J12;
Top 14;2017-2018;35;26;J12;
Top 14;2017-2018;27;17;J12;
Top 14;2017-2018;23;19;J13;
Top 14;2017-2018;27;13;J13;
Top 14;2017-2018;29;19;J13;
Top 14;2017-2018;38;17;J13;
Top 14;2017-2018;49;25;J13;
Top 14;2017-2018;22;21;J13;
Top 14;2017-2018;28;6;J13;
Top 14;2017-2018;47;6;J14;
Top 14;2017-2018;22;12;J14;
Top 14;2017-2018;29;10;J14;
Top 14;2017-2018;12;16;J14;
Top 14;2017-2018;18;13;J14;
Top 14;2017-2018;35;23;J14;
Top 14;2017-2018;27;31;J14;
Top 14;2017-2018;19;10;J15;
Top 14;2017-2018;13;12;J15;
Top 14;2017-2018;38;38;J15;
Top 14;2017-2018;30;3;J15;
Top 14;2017-2018;28;16;J15;
Top 14;2017-2018;11;10;J15;
Top 14;2017-2018;58;6;J15;
Top 14;2017-2018;36;12;J16;
Top 14;2017-2018;37;15;J16;
Top 14;2017-2018;71;17;J16;
Top 14;2017-2018;33;24;J16;
Top 14;2017-2018;13;18;J16;
Top 14;2017-2018;5;40;J16;
Top 14;2017-2018;29;30;J16;
Top 14;2017-2018;43;5;J17;
Top 14;2017-2018;30;43;J17;
Top 14;2017-2018;16;21;J17;
Top 14;2017-2018;25;52;J17;
Top 14;2017-2018;36;10;J17;
Top 14;2017-2018;6;7;J17;
Top 14;2017-2018;19;12;J17;
Top 14;2017-2018;11;10;J18;
Top 14;2017-2018;34;36;J18;
Top 14;2017-2018;12;18;J18;
Top 14;2017-2018;33;22;J18;
Top 14;2017-2018;24;15;J18;
Top 14;2017-2018;45;28;J18;
Top 14;2017-2018;20;27;J18;
Top 14;2017-2018;15;6;J19;
Top 14;2017-2018;17;13;J19;
Top 14;2017-2018;27;29;J19;
Top 14;2017-2018;31;29;J19;
Top 14;2017-2018;19;25;J19;
Top 14;2017-2018;33;27;J19;
Top 14;2017-2018;21;17;J19;
Top 14;2017-2018;41;3;J20;
Top 14;2017-2018;20;26;J20;
Top 14;2017-2018;54;5;J20;
Top 14;2017-2018;18;15;J20;
Top 14;2017-2018;9;11;J20;
Top 14;2017-2018;23;17;J20;
Top 14;2017-2018;20;27;J20;
Top 14;2017-2018;28;22;J21;
Top 14;2017-2018;10;15;J21;
Top 14;2017-2018;29;26;J21;
Top 14;2017-2018;19;15;J21;
Top 14;2017-2018;38;14;J21;
Top 14;2017-2018;37;28;J21;
Top 14;2017-2018;22;14;J21;
Top 14;2017-2018;31;20;J22;
Top 14;2017-2018;33;37;J22;
Top 14;2017-2018;15;12;J22;
Top 14;2017-2018;33;12;J22;
Top 14;2017-2018;45;7;J22;
Top 14;2017-2018;49;0;J22;
Top 14;2017-2018;22;24;J22;
Top 14;2017-2018;28;23;J23;
Top 14;2017-2018;50;13;J23;
Top 14;2017-2018;19;18;J23;
Top 14;2017-2018;25;27;J23;
Top 14;2017-2018;36;21;J23;
Top 14;2017-2018;40;24;J23;
Top 14;2017-2018;17;13;J23;
Top 14;2017-2018;32;17;J24;
Top 14;2017-2018;33;3;J24;
Top 14;2017-2018;22;33;J24;
Top 14;2017-2018;40;17;J24;
Top 14;2017-2018;44;3;J24;
Top 14;2017-2018;18;26;J24;
Top 14;2017-2018;42;27;J24;
Top 14;2017-2018;59;13;J25;
Top 14;2017-2018;30;22;J25;
Top 14;2017-2018;39;18;J25;
Top 14;2017-2018;45;13;J25;
Top 14;2017-2018;27;17;J25;
Top 14;2017-2018;15;39;J25;
Top 14;2017-2018;19;14;J25;
Top 14;2017-2018;36;26;J26;
Top 14;2017-2018;42;13;J26;
Top 14;2017-2018;38;26;J26;
Top 14;2017-2018;32;24;J26;
Top 14;2017-2018;31;7;J26;
Top 14;2017-2018;54;3;J26;
Top 14;2017-2018;22;20;J26;
Top 14;2017-2018;19;19;Barrages;
Top 14;2017-2018;11;23;Barrages;
Top 14;2017-2018;40;14;Semi;
Top 14;2017-2018;14;19;Semi;
Top 14;2017-2018;13;29;Finale;
Top 14;2017-2018;47;22;Access Match;
Top 14;2018-2019;15;46;J1;
Top 14;2018-2019;41;19;J1;
Top 14;2018-2019;67;23;J1;
Top 14;2018-2019;16;16;J1;
Top 14;2018-2019;28;21;J1;
Top 14;2018-2019;9;25;J1;
Top 14;2018-2019;20;25;J1;
Top 14;2018-2019;20;10;J2;
Top 14;2018-2019;19;16;J2;
Top 14;2018-2019;20;8;J2;
Top 14;2018-2019;36;14;J2;
Top 14;2018-2019;20;23;J2;
Top 14;2018-2019;25;23;J2;
Top 14;2018-2019;17;40;J2;
Top 14;2018-2019;9;9;J3;
Top 14;2018-2019;33;26;J3;
Top 14;2018-2019;16;22;J3;
Top 14;2018-2019;59;7;J3;
Top 14;2018-2019;42;20;J3;
Top 14;2018-2019;21;24;J3;
Top 14;2018-2019;28;27;J3;
Top 14;2018-2019;55;13;J4;
Top 14;2018-2019;23;27;J4;
Top 14;2018-2019;29;13;J4;
Top 14;2018-2019;22;17;J4;
Top 14;2018-2019;30;17;J4;
Top 14;2018-2019;37;10;J4;
Top 14;2018-2019;37;10;J4;
Top 14;2018-2019;23;19;J5;
Top 14;2018-2019;30;13;J5;
Top 14;2018-2019;33;3;J5;
Top 14;2018-2019;31;22;J5;
Top 14;2018-2019;27;11;J5;
Top 14;2018-2019;13;25;J5;
Top 14;2018-2019;66;15;J5;
Top 14;2018-2019;22;26;J6;
Top 14;2018-2019;25;28;J6;
Top 14;2018-2019;34;22;J6;
Top 14;2018-2019;34;6;J6;
Top 14;2018-2019;20;23;J6;
Top 14;2018-2019;28;8;J6;
Top 14;2018-2019;16;17;J6;
Top 14;2018-2019;16;12;J7;
Top 14;2018-2019;28;25;J7;
Top 14;2018-2019;13;19;J7;
Top 14;2018-2019;12;9;J7;
Top 14;2018-2019;10;0;J7;
Top 14;2018-2019;9;14;J7;
Top 14;2018-2019;29;17;J7;
Top 14;2018-2019;41;6;J8;
Top 14;2018-2019;18;36;J8;
Top 14;2018-2019;48;28;J8;
Top 14;2018-2019;9;9;J8;
Top 14;2018-2019;25;20;J8;
Top 14;2018-2019;35;13;J8;
Top 14;2018-2019;9;13;J8;
Top 14;2018-2019;27;27;J9;
Top 14;2018-2019;33;29;J9;
Top 14;2018-2019;26;16;J9;
Top 14;2018-2019;37;10;J9;
Top 14;2018-2019;40;0;J9;
Top 14;2018-2019;41;6;J9;
Top 14;2018-2019;13;27;J9;
Top 14;2018-2019;36;25;J10;
Top 14;2018-2019;15;18;J10;
Top 14;2018-2019;24;23;J10;
Top 14;2018-2019;12;16;J10;
Top 14;2018-2019;13;15;J10;
Top 14;2018-2019;12;14;J10;
Top 14;2018-2019;31;11;J10;
Top 14;2018-2019;23;28;J11;
Top 14;2018-2019;16;11;J11;
Top 14;2018-2019;30;10;J11;
Top 14;2018-2019;13;16;J11;
Top 14;2018-2019;22;3;J11;
Top 14;2018-2019;11;22;J11;
Top 14;2018-2019;49;20;J11;
Top 14;2018-2019;6;19;J12;
Top 14;2018-2019;40;7;J12;
Top 14;2018-2019;64;28;J12;
Top 14;2018-2019;23;28;J12;
Top 14;2018-2019;17;16;J12;
Top 14;2018-2019;13;32;J12;
Top 14;2018-2019;20;20;J12;
Top 14;2018-2019;52;20;J13;
Top 14;2018-2019;23;20;J13;
Top 14;2018-2019;53;27;J13;
Top 14;2018-2019;16;37;J13;
Top 14;2018-2019;41;13;J13;
Top 14;2018-2019;40;7;J13;
Top 14;2018-2019;39;0;J13;
Top 14;2018-2019;27;8;J14;
Top 14;2018-2019;40;23;J14;
Top 14;2018-2019;6;16;J14;
Top 14;2018-2019;14;25;J14;
Top 14;2018-2019;20;27;J14;
Top 14;2018-2019;22;13;J14;
Top 14;2018-2019;44;19;J14;
Top 14;2018-2019;24;16;J15;
Top 14;2018-2019;25;17;J15;
Top 14;2018-2019;24;30;J15;
Top 14;2018-2019;27;25;J15;
Top 14;2018-2019;32;11;J15;
Top 14;2018-2019;29;16;J15;
Top 14;2018-2019;33;30;J15;
Top 14;2018-2019;40;20;J16;
Top 14;2018-2019;9;14;J16;
Top 14;2018-2019;13;24;J16;
Top 14;2018-2019;10;28;J16;
Top 14;2018-2019;19;10;J16;
Top 14;2018-2019;21;28;J16;
Top 14;2018-2019;29;34;J16;
Top 14;2018-2019;47;31;J17;
Top 14;2018-2019;13;20;J17;
Top 14;2018-2019;38;11;J17;
Top 14;2018-2019;27;14;J17;
Top 14;2018-2019;14;27;J17;
Top 14;2018-2019;18;9;J17;
Top 14;2018-2019;19;13;J17;
Top 14;2018-2019;50;14;J18;
Top 14;2018-2019;27;17;J18;
Top 14;2018-2019;37;10;J18;
Top 14;2018-2019;52;17;J18;
Top 14;2018-2019;15;23;J18;
Top 14;2018-2019;11;24;J18;
Top 14;2018-2019;9;28;J18;
Top 14;2018-2019;18;21;J19;
Top 14;2018-2019;36;17;J19;
Top 14;2018-2019;19;7;J19;
Top 14;2018-2019;16;34;J19;
Top 14;2018-2019;26;12;J19;
Top 14;2018-2019;27;14;J19;
Top 14;2018-2019;53;21;J19;
Top 14;2018-2019;42;33;J20;
Top 14;2018-2019;32;16;J20;
Top 14;2018-2019;15;24;J20;
Top 14;2018-2019;22;16;J20;
Top 14;2018-2019;13;28;J20;
Top 14;2018-2019;45;27;J20;
Top 14;2018-2019;19;23;J20;
Top 14;2018-2019;25;10;J21;
Top 14;2018-2019;21;17;J21;
Top 14;2018-2019;33;17;J21;
Top 14;2018-2019;31;22;J21;
Top 14;2018-2019;25;11;J21;
Top 14;2018-2019;24;27;J21;
Top 14;2018-2019;31;31;J21;
Top 14;2018-2019;12;16;J22;
Top 14;2018-2019;71;21;J22;
Top 14;2018-2019;47;9;J22;
Top 14;2018-2019;25;22;J22;
Top 14;2018-2019;19;18;J22;
Top 14;2018-2019;26;25;J22;
Top 14;2018-2019;47;44;J22;
Top 14;2018-2019;29;27;J23;
Top 14;2018-2019;20;21;J23;
Top 14;2018-2019;25;15;J23;
Top 14;2018-2019;47;12;J23;
Top 14;2018-2019;29;49;J23;
Top 14;2018-2019;45;17;J23;
Top 14;2018-2019;25;41;J23;
Top 14;2018-2019;83;6;J24;
Top 14;2018-2019;11;29;J24;
Top 14;2018-2019;9;12;J24;
Top 14;2018-2019;35;13;J24;
Top 14;2018-2019;30;21;J24;
Top 14;2018-2019;34;10;J24;
Top 14;2018-2019;23;27;J24;
Top 14;2018-2019;22;0;J25;
Top 14;2018-2019;14;52;J25;
Top 14;2018-2019;10;17;J25;
Top 14;2018-2019;29;19;J25;
Top 14;2018-2019;42;25;J25;
Top 14;2018-2019;36;43;J25;
Top 14;2018-2019;32;11;J25;
Top 14;2018-2019;81;12;J26;
Top 14;2018-2019;31;17;J26;
Top 14;2018-2019;47;7;J26;
Top 14;2018-2019;23;24;J26;
Top 14;2018-2019;27;28;J26;
Top 14;2018-2019;16;25;J26;
Top 14;2018-2019;3;35;J26;
Top 14;2018-2019;13;19;Barrages;
Top 14;2018-2019;21;16;Barrages;
Top 14;2018-2019;20;6;Semi;
Top 14;2018-2019;33;13;Semi;
Top 14;2018-2019;24;18;Finale;
Top 14;2018-2019;28;22;Access Match;
Top 14;2019-2020;25;44;J1;
Top 14;2019-2020;17;24;J1;
Top 14;2019-2020;33;14;J1;
Top 14;2019-2020;43;9;J1;
Top 14;2019-2020;26;25;J1;
Top 14;2019-2020;30;25;J1;
Top 14;2019-2020;28;10;J1;
Top 14;2019-2020;30;34;J2;
Top 14;2019-2020;43;22;J2;
Top 14;2019-2020;28;26;J2;
Top 14;2019-2020;16;10;J2;
Top 14;2019-2020;34;12;J2;
Top 14;2019-2020;23;14;J2;
Top 14;2019-2020;22;12;J2;
Top 14;2019-2020;32;34;J3;
Top 14;2019-2020;6;20;J3;
Top 14;2019-2020;18;12;J3;
Top 14;2019-2020;33;27;J3;
Top 14;2019-2020;30;16;J3;
Top 14;2019-2020;28;21;J3;
Top 14;2019-2020;20;17;J3;
Top 14;2019-2020;28;13;J4;
Top 14;2019-2020;59;3;J4;
Top 14;2019-2020;28;37;J4;
Top 14;2019-2020;27;17;J4;
Top 14;2019-2020;52;3;J4;
Top 14;2019-2020;29;10;J4;
Top 14;2019-2020;32;29;J4;
Top 14;2019-2020;39;17;J5;
Top 14;2019-2020;23;22;J5;
Top 14;2019-2020;30;27;J5;
Top 14;2019-2020;24;23;J5;
Top 14;2019-2020;20;31;J5;
Top 14;2019-2020;17;17;J5;
Top 14;2019-2020;18;32;J5;
Top 14;2019-2020;20;13;J6;
Top 14;2019-2020;46;16;J6;
Top 14;2019-2020;23;9;J6;
Top 14;2019-2020;27;29;J6;
Top 14;2019-2020;25;23;J6;
Top 14;2019-2020;3;31;J6;
Top 14;2019-2020;23;3;J6;
Top 14;2019-2020;28;24;J7;
Top 14;2019-2020;36;15;J7;
Top 14;2019-2020;27;27;J7;
Top 14;2019-2020;27;8;J7;
Top 14;2019-2020;41;17;J7;
Top 14;2019-2020;33;30;J7;
Top 14;2019-2020;42;15;J7;
Top 14;2019-2020;33;22;J8;
Top 14;2019-2020;27;14;J8;
Top 14;2019-2020;20;9;J8;
Top 14;2019-2020;37;24;J8;
Top 14;2019-2020;30;9;J8;
Top 14;2019-2020;12;6;J8;
Top 14;2019-2020;24;15;J8;
Top 14;2019-2020;19;19;J9;
Top 14;2019-2020;3;9;J9;
Top 14;2019-2020;23;0;J9;
Top 14;2019-2020;28;26;J9;
Top 14;2019-2020;34;8;J9;
Top 14;2019-2020;45;17;J9;
Top 14;2019-2020;9;25;J9;
Top 14;2019-2020;30;34;J10;
Top 14;2019-2020;30;13;J10;
Top 14;2019-2020;22;13;J10;
Top 14;2019-2020;9;19;J10;
Top 14;2019-2020;33;8;J10;
Top 14;2019-2020;26;21;J10;
Top 14;2019-2020;45;10;J10;
Top 14;2019-2020;6;6;J11;
Top 14;2019-2020;29;25;J11;
Top 14;2019-2020;29;12;J11;
Top 14;2019-2020;8;13;J11;
Top 14;2019-2020;21;18;J11;
Top 14;2019-2020;20;15;J11;
Top 14;2019-2020;41;19;J11;
Top 14;2019-2020;52;9;J12;
Top 14;2019-2020;20;44;J12;
Top 14;2019-2020;20;20;J12;
Top 14;2019-2020;40;8;J12;
Top 14;2019-2020;23;27;J12;
Top 14;2019-2020;39;22;J12;
Top 14;2019-2020;13;13;J12;
Top 14;2019-2020;12;13;J13;
Top 14;2019-2020;27;19;J13;
Top 14;2019-2020;13;44;J13;
Top 14;2019-2020;29;26;J13;
Top 14;2019-2020;22;3;J13;
Top 14;2019-2020;43;3;J13;
Top 14;2019-2020;30;18;J13;
Top 14;2019-2020;27;12;J14;
Top 14;2019-2020;33;26;J14;
Top 14;2019-2020;0;27;J14;
Top 14;2019-2020;35;30;J14;
Top 14;2019-2020;29;19;J14;
Top 14;2019-2020;22;23;J14;
Top 14;2019-2020;22;14;J14;
Top 14;2019-2020;37;19;J15;
Top 14;2019-2020;34;17;J15;
Top 14;2019-2020;31;29;J15;
Top 14;2019-2020;20;23;J15;
Top 14;2019-2020;21;20;J15;
Top 14;2019-2020;24;43;J15;
Top 14;2019-2020;30;27;J15;
Top 14;2019-2020;17;12;J16;
Top 14;2019-2020;26;16;J16;
Top 14;2019-2020;16;30;J16;
Top 14;2019-2020;28;17;J16;
Top 14;2019-2020;22;31;J16;
Top 14;2019-2020;29;20;J16;
Top 14;2019-2020;25;7;J16;
Top 14;2019-2020;49;0;J17;
Top 14;2019-2020;19;15;J17;
Top 14;2019-2020;20;10;J17;
Top 14;2019-2020;15;32;J17;
Top 14;2019-2020;30;16;J17;
Top 14;2019-2020;26;24;J17;
Top 14;2019-2020;19;18;J17;
Top 14;2019-2020;Delayed;Delayed;J18;
Top 14;2019-2020;Delayed;Delayed;J18;
Top 14;2019-2020;Delayed;Delayed;J18;
Top 14;2019-2020;Delayed;Delayed;J18;
Top 14;2019-2020;Delayed;Delayed;J18;
Top 14;2019-2020;Delayed;Delayed;J18;
Top 14;2019-2020;Delayed;Delayed;J18;
Top 14;2019-2020;Delayed;Delayed;J19;
Top 14;2019-2020;Delayed;Delayed;J19;
Top 14;2019-2020;Delayed;Delayed;J19;
Top 14;2019-2020;Delayed;Delayed;J19;
Top 14;2019-2020;Delayed;Delayed;J19;
Top 14;2019-2020;Delayed;Delayed;J19;
Top 14;2019-2020;Delayed;Delayed;J19;
Top 14;2019-2020;Delayed;Delayed;J20;
Top 14;2019-2020;Delayed;Delayed;J20;
Top 14;2019-2020;Delayed;Delayed;J20;
Top 14;2019-2020;Delayed;Delayed;J20;
Top 14;2019-2020;Delayed;Delayed;J20;
Top 14;2019-2020;Delayed;Delayed;J20;
Top 14;2019-2020;Delayed;Delayed;J20;
Top 14;2019-2020;Delayed;Delayed;J21;
Top 14;2019-2020;Delayed;Delayed;J21;
Top 14;2019-2020;Delayed;Delayed;J21;
Top 14;2019-2020;Delayed;Delayed;J21;
Top 14;2019-2020;Delayed;Delayed;J21;
Top 14;2019-2020;Delayed;Delayed;J21;
Top 14;2019-2020;Delayed;Delayed;J21;
Top 14;2019-2020;Delayed;Delayed;J22;
Top 14;2019-2020;Delayed;Delayed;J22;
Top 14;2019-2020;Delayed;Delayed;J22;
Top 14;2019-2020;Delayed;Delayed;J22;
Top 14;2019-2020;Delayed;Delayed;J22;
Top 14;2019-2020;Delayed;Delayed;J22;
Top 14;2019-2020;Delayed;Delayed;J22;
Top 14;2019-2020;Delayed;Delayed;J23;
Top 14;2019-2020;Delayed;Delayed;J23;
Top 14;2019-2020;Delayed;Delayed;J23;
Top 14;2019-2020;Delayed;Delayed;J23;
Top 14;2019-2020;Delayed;Delayed;J23;
Top 14;2019-2020;Delayed;Delayed;J23;
Top 14;2019-2020;Delayed;Delayed;J23;
Top 14;2019-2020;Delayed;Delayed;J24;
Top 14;2019-2020;Delayed;Delayed;J24;
Top 14;2019-2020;Delayed;Delayed;J24;
Top 14;2019-2020;Delayed;Delayed;J24;
Top 14;2019-2020;Delayed;Delayed;J24;
Top 14;2019-2020;Delayed;Delayed;J24;
Top 14;2019-2020;Delayed;Delayed;J24;
Top 14;2019-2020;Delayed;Delayed;J25;
Top 14;2019-2020;Delayed;Delayed;J25;
Top 14;2019-2020;Delayed;Delayed;J25;
Top 14;2019-2020;Delayed;Delayed;J25;
Top 14;2019-2020;Delayed;Delayed;J25;
Top 14;2019-2020;Delayed;Delayed;J25;
Top 14;2019-2020;Delayed;Delayed;J25;
Top 14;2019-2020;Delayed;Delayed;J26;
Top 14;2019-2020;Delayed;Delayed;J26;
Top 14;2019-2020;Delayed;Delayed;J26;
Top 14;2019-2020;Delayed;Delayed;J26;
Top 14;2019-2020;Delayed;Delayed;J26;
Top 14;2019-2020;Delayed;Delayed;J26;
Top 14;2019-2020;Delayed;Delayed;J26;
Top 14;2020-2021;23;26;J1;
Top 14;2020-2021;29;15;J1;
Top 14;2020-2021;22;26;J1;
Top 14;2020-2021;23;27;J1;
Top 14;2020-2021;42;23;J1;
Top 14;2020-2021;33;30;J1;
Top 14;2020-2021;26;16;J1;
Top 14;2020-2021;41;17;J2;
Top 14;2020-2021;33;23;J2;
Top 14;2020-2021;39;23;J2;
Top 14;2020-2021;25;20;J2;
Top 14;2020-2021;21;19;J2;
Top 14;2020-2021;16;22;J2;
Top 14;2020-2021;36;14;J2;
Top 14;2020-2021;19;13;J3;
Top 14;2020-2021;19;26;J3;
Top 14;2020-2021;31;12;J3;
Top 14;2020-2021;39;19;J3;
Top 14;2020-2021;27;10;J3;
Top 14;2020-2021;9;6;J3;
Top 14;2020-2021;19;21;J3;
Top 14;2020-2021;19;36;J4;
Top 14;2020-2021;3;20;J4;
Top 14;2020-2021;25;21;J4;
Top 14;2020-2021;24;30;J4;
Top 14;2020-2021;29;29;J4;
Top 14;2020-2021;24;25;J4;
Top 14;2020-2021;16;16;J4;
Top 14;2020-2021;29;24;J5;
Top 14;2020-2021;42;13;J5;
Top 14;2020-2021;62;3;J5;
Top 14;2020-2021;16;36;J5;
Top 14;2020-2021;62;10;J5;
Top 14;2020-2021;41;27;J5;
Top 14;2020-2021;23;29;J5;
Top 14;2020-2021;19;6;J6;
Top 14;2020-2021;7;16;J6;
Top 14;2020-2021;50;29;J6;
Top 14;2020-2021;15;26;J6;
Top 14;2020-2021;25;27;J6;
Top 14;2020-2021;30;6;J6;
Top 14;2020-2021;20;6;J6;
Top 14;2020-2021;21;43;J7;
Top 14;2020-2021;28;26;J7;
Top 14;2020-2021;71;5;J7;
Top 14;2020-2021;24;35;J7;
Top 14;2020-2021;48;14;J7;
Top 14;2020-2021;35;29;J7;
Top 14;2020-2021;24;20;J7;
Top 14;2020-2021;35;19;J8;
Top 14;2020-2021;16;16;J8;
Top 14;2020-2021;24;22;J8;
Top 14;2020-2021;43;19;J8;
Top 14;2020-2021;16;19;J8;
Top 14;2020-2021;19;10;J8;
Top 14;2020-2021;31;6;J8;
Top 14;2020-2021;29;30;J9;
Top 14;2020-2021;16;22;J9;
Top 14;2020-2021;9;38;J9;
Top 14;2020-2021;29;20;J9;
Top 14;2020-2021;19;23;J9;
Top 14;2020-2021;35;13;J9;
Top 14;2020-2021;26;18;J9;
Top 14;2020-2021;14;40;J10;
Top 14;2020-2021;18;13;J10;
Top 14;2020-2021;36;22;J10;
Top 14;2020-2021;22;23;J10;
Top 14;2020-2021;63;18;J10;
Top 14;2020-2021;43;17;J10;
Top 14;2020-2021;20;19;J10;
Top 14;2020-2021;15;21;J11;
Top 14;2020-2021;12;17;J11;
Top 14;2020-2021;22;18;J11;
Top 14;2020-2021;20;24;J11;
Top 14;2020-2021;6;15;J11;
Top 14;2020-2021;13;17;J11;
Top 14;2020-2021;24;23;J11;
Top 14;2020-2021;22;9;J12;
Top 14;2020-2021;12;8;J12;
Top 14;2020-2021;45;10;J12;
Top 14;2020-2021;45;23;J12;
Top 14;2020-2021;29;27;J12;
Top 14;2020-2021;27;9;J12;
Top 14;2020-2021;31;21;J12;
Top 14;2020-2021;31;18;J13;
Top 14;2020-2021;9;16;J13;
Top 14;2020-2021;13;43;J13;
Top 14;2020-2021;14;15;J13;
Top 14;2020-2021;51;21;J13;
Top 14;2020-2021;22;24;J13;
Top 14;2020-2021;22;23;J13;
Top 14;2020-2021;39;23;J14;
Top 14;2020-2021;23;22;J14;
Top 14;2020-2021;31;42;J14;
Top 14;2020-2021;31;9;J14;
Top 14;2020-2021;48;24;J14;
Top 14;2020-2021;26;22;J14;
Top 14;2020-2021;14;16;J14;
Top 14;2020-2021;22;24;J15;
Top 14;2020-2021;36;37;J15;
Top 14;2020-2021;25;23;J15;
Top 14;2020-2021;17;18;J15;
Top 14;2020-2021;29;9;J15;
Top 14;2020-2021;11;14;J15;
Top 14;2020-2021;48;20;J15;
Top 14;2020-2021;31;9;J16;
Top 14;2020-2021;44;6;J16;
Top 14;2020-2021;48;17;J16;
Top 14;2020-2021;34;26;J16;
Top 14;2020-2021;11;29;J16;
Top 14;2020-2021;26;23;J16;
Top 14;2020-2021;16;52;J16;
Top 14;2020-2021;23;20;J17;
Top 14;2020-2021;16;11;J17;
Top 14;2020-2021;29;33;J17;
Top 14;2020-2021;73;3;J17;
Top 14;2020-2021;25;23;J17;
Top 14;2020-2021;19;39;J17;
Top 14;2020-2021;31;23;J17;
Top 14;2020-2021;22;16;J18;
Top 14;2020-2021;42;17;J18;
Top 14;2020-2021;40;21;J18;
Top 14;2020-2021;22;15;J18;
Top 14;2020-2021;29;23;J18;
Top 14;2020-2021;20;28;J18;
Top 14;2020-2021;25;21;J18;
Top 14;2020-2021;40;3;J19;
Top 14;2020-2021;32;33;J19;
Top 14;2020-2021;16;21;J19;
Top 14;2020-2021;59;19;J19;
Top 14;2020-2021;0;59;J19;
Top 14;2020-2021;27;32;J19;
Top 14;2020-2021;35;13;J19;
Top 14;2020-2021;27;34;J20;
Top 14;2020-2021;11;26;J20;
Top 14;2020-2021;23;13;J20;
Top 14;2020-2021;57;3;J20;
Top 14;2020-2021;38;33;J20;
Top 14;2020-2021;16;29;J20;
Top 14;2020-2021;54;16;J20;
Top 14;2020-2021;43;33;J21;
Top 14;2020-2021;26;24;J21;
Top 14;2020-2021;38;23;J21;
Top 14;2020-2021;29;35;J21;
Top 14;2020-2021;37;27;J21;
Top 14;2020-2021;29;10;J21;
Top 14;2020-2021;3;49;J21;
Top 14;2020-2021;41;30;J22;
Top 14;2020-2021;46;32;J22;
Top 14;2020-2021;34;16;J22;
Top 14;2020-2021;23;26;J22;
Top 14;2020-2021;34;17;J22;
Top 14;2020-2021;24;12;J22;
Top 14;2020-2021;57;9;J22;
Top 14;2020-2021;37;29;J23;
Top 14;2020-2021;45;19;J23;
Top 14;2020-2021;32;22;J23;
Top 14;2020-2021;28;31;J23;
Top 14;2020-2021;22;47;J23;
Top 14;2020-2021;7;47;J23;
Top 14;2020-2021;44;10;J23;
Top 14;2020-2021;29;35;J24;
Top 14;2020-2021;20;16;J24;
Top 14;2020-2021;59;0;J24;
Top 14;2020-2021;24;7;J24;
Top 14;2020-2021;32;10;J24;
Top 14;2020-2021;28;32;J24;
Top 14;2020-2021;25;16;J24;
Top 14;2020-2021;46;27;J25;
Top 14;2020-2021;25;19;J25;
Top 14;2020-2021;23;19;J25;
Top 14;2020-2021;51;27;J25;
Top 14;2020-2021;28;33;J25;
Top 14;2020-2021;14;54;J25;
Top 14;2020-2021;36;27;J25;
Top 14;2020-2021;10;21;J26;
Top 14;2020-2021;55;12;J26;
Top 14;2020-2021;41;25;J26;
Top 14;2020-2021;52;7;J26;
Top 14;2020-2021;25;20;J26;
Top 14;2020-2021;46;24;J26;
Top 14;2020-2021;9;12;J26;
Top 14;2020-2021;38;21;Barrages;
Top 14;2020-2021;25;16;Barrages;
Top 14;2020-2021;19;6;Semi;
Top 14;2020-2021;24;21;Semi;
Top 14;2020-2021;18;8;Finale;
Top 14;2020-2021;6;6;Access Match;
Top 14;2021-2022;27;15;J1;
Top 14;2021-2022;36;15;J1;
Top 14;2021-2022;16;12;J1;
Top 14;2021-2022;21;36;J1;
Top 14;2021-2022;24;24;J1;
Top 14;2021-2022;28;19;J1;
Top 14;2021-2022;16;20;J1;
Top 14;2021-2022;30;34;J2;
Top 14;2021-2022;39;17;J2;
Top 14;2021-2022;21;17;J2;
Top 14;2021-2022;33;20;J2;
Top 14;2021-2022;37;10;J2;
Top 14;2021-2022;23;10;J2;
Top 14;2021-2022;41;10;J2;
Top 14;2021-2022;28;19;J3;
Top 14;2021-2022;30;13;J3;
Top 14;2021-2022;23;23;J3;
Top 14;2021-2022;47;3;J3;
Top 14;2021-2022;15;17;J3;
Top 14;2021-2022;23;22;J3;
Top 14;2021-2022;38;5;J3;
Top 14;2021-2022;29;10;J4;
Top 14;2021-2022;59;17;J4;
Top 14;2021-2022;23;22;J4;
Top 14;2021-2022;34;10;J4;
Top 14;2021-2022;24;20;J4;
Top 14;2021-2022;12;9;J4;
Top 14;2021-2022;27;15;J4;
Top 14;2021-2022;14;29;J5;
Top 14;2021-2022;21;11;J5;
Top 14;2021-2022;15;20;J5;
Top 14;2021-2022;19;12;J5;
Top 14;2021-2022;11;17;J5;
Top 14;2021-2022;27;16;J5;
Top 14;2021-2022;26;17;J5;
Top 14;2021-2022;29;10;J6;
Top 14;2021-2022;17;14;J6;
Top 14;2021-2022;27;23;J6;
Top 14;2021-2022;5;40;J6;
Top 14;2021-2022;38;10;J6;
Top 14;2021-2022;13;9;J6;
Top 14;2021-2022;22;14;J6;
Top 14;2021-2022;22;23;J7;
Top 14;2021-2022;33;37;J7;
Top 14;2021-2022;38;20;J7;
Top 14;2021-2022;6;8;J7;
Top 14;2021-2022;20;22;J7;
Top 14;2021-2022;20;27;J7;
Top 14;2021-2022;25;19;J7;
Top 14;2021-2022;42;20;J8;
Top 14;2021-2022;37;9;J8;
Top 14;2021-2022;39;13;J8;
Top 14;2021-2022;23;18;J8;
Top 14;2021-2022;21;32;J8;
Top 14;2021-2022;41;0;J8;
Top 14;2021-2022;39;6;J8;
Top 14;2021-2022;22;13;J9;
Top 14;2021-2022;23;22;J9;
Top 14;2021-2022;18;9;J9;
Top 14;2021-2022;13;9;J9;
Top 14;2021-2022;30;8;J9;
Top 14;2021-2022;25;9;J9;
Top 14;2021-2022;27;18;J9;
Top 14;2021-2022;26;3;J10;
Top 14;2021-2022;37;15;J10;
Top 14;2021-2022;27;31;J10;
Top 14;2021-2022;33;21;J10;
Top 14;2021-2022;30;23;J10;
Top 14;2021-2022;12;10;J10;
Top 14;2021-2022;31;16;J10;
Top 14;2021-2022;26;24;J11;
Top 14;2021-2022;36;8;J11;
Top 14;2021-2022;25;24;J11;
Top 14;2021-2022;17;14;J11;
Top 14;2021-2022;19;13;J11;
Top 14;2021-2022;18;11;J11;
Top 14;2021-2022;14;37;J11;
Top 14;2021-2022;41;0;J12;
Top 14;2021-2022;25;3;J12;
Top 14;2021-2022;39;11;J12;
Top 14;2021-2022;30;6;J12;
Top 14;2021-2022;16;16;J12;
Top 14;2021-2022;17;7;J12;
Top 14;2021-2022;25;20;J12;
Top 14;2021-2022;19;20;J13;
Top 14;2021-2022;12;27;J13;
Top 14;2021-2022;25;3;J13;
Top 14;2021-2022;28;29;J13;
Top 14;2021-2022;35;29;J13;
Top 14;2021-2022;27;20;J13;
Top 14;2021-2022;21;18;J13;
Top 14;2021-2022;27;17;J14;
Top 14;2021-2022;16;13;J14;
Top 14;2021-2022;43;20;J14;
Top 14;2021-2022;30;27;J14;
Top 14;2021-2022;31;30;J14;
Top 14;2021-2022;37;35;J14;
Top 14;2021-2022;18;16;J14;
Top 14;2021-2022;15;9;J15;
Top 14;2021-2022;23;25;J15;
Top 14;2021-2022;19;22;J15;
Top 14;2021-2022;35;10;J15;
Top 14;2021-2022;33;28;J15;
Top 14;2021-2022;41;11;J15;
Top 14;2021-2022;35;10;J15;
Top 14;2021-2022;23;10;J16;
Top 14;2021-2022;33;10;J16;
Top 14;2021-2022;23;28;J16;
Top 14;2021-2022;23;29;J16;
Top 14;2021-2022;15;20;J16;
Top 14;2021-2022;28;20;J16;
Top 14;2021-2022;26;24;J16;
Top 14;2021-2022;36;13;J17;
Top 14;2021-2022;26;22;J17;
Top 14;2021-2022;29;12;J17;
Top 14;2021-2022;57;19;J17;
Top 14;2021-2022;10;22;J17;
Top 14;2021-2022;27;24;J17;
Top 14;2021-2022;29;26;J17;
Top 14;2021-2022;27;22;J18;
Top 14;2021-2022;65;19;J18;
Top 14;2021-2022;29;18;J18;
Top 14;2021-2022;19;17;J18;
Top 14;2021-2022;16;16;J18;
Top 14;2021-2022;31;27;J18;
Top 14;2021-2022;13;16;J18;
Top 14;2021-2022;52;12;J19;
Top 14;2021-2022;34;15;J19;
Top 14;2021-2022;16;22;J19;
Top 14;2021-2022;45;25;J19;
Top 14;2021-2022;17;10;J19;
Top 14;2021-2022;30;3;J19;
Top 14;2021-2022;12;11;J19;
Top 14;2021-2022;25;9;J20;
Top 14;2021-2022;17;45;J20;
Top 14;2021-2022;16;23;J20;
Top 14;2021-2022;41;15;J20;
Top 14;2021-2022;34;13;J20;
Top 14;2021-2022;25;16;J20;
Top 14;2021-2022;23;16;J20;
Top 14;2021-2022;32;22;J21;
Top 14;2021-2022;37;22;J21;
Top 14;2021-2022;28;12;J21;
Top 14;2021-2022;27;22;J21;
Top 14;2021-2022;19;0;J21;
Top 14;2021-2022;18;31;J21;
Top 14;2021-2022;27;19;J21;
Top 14;2021-2022;19;13;J22;
Top 14;2021-2022;13;23;J22;
Top 14;2021-2022;10;43;J22;
Top 14;2021-2022;19;42;J22;
Top 14;2021-2022;41;10;J22;
Top 14;2021-2022;15;16;J22;
Top 14;2021-2022;53;20;J22;
Top 14;2021-2022;12;0;J23;
Top 14;2021-2022;21;18;J23;
Top 14;2021-2022;17;31;J23;
Top 14;2021-2022;32;16;J23;
Top 14;2021-2022;40;7;J23;
Top 14;2021-2022;19;15;J23;
Top 14;2021-2022;22;23;J23;
Top 14;2021-2022;43;20;J24;
Top 14;2021-2022;13;48;J24;
Top 14;2021-2022;27;10;J24;
Top 14;2021-2022;21;42;J24;
Top 14;2021-2022;29;26;J24;
Top 14;2021-2022;23;16;J24;
Top 14;2021-2022;16;29;J24;
Top 14;2021-2022;42;10;J25;
Top 14;2021-2022;8;26;J25;
Top 14;2021-2022;32;13;J25;
Top 14;2021-2022;37;20;J25;
Top 14;2021-2022;22;13;J25;
Top 14;2021-2022;8;26;J25;
Top 14;2021-2022;28;12;J25;
Top 14;2021-2022;22;15;J26;
Top 14;2021-2022;80;7;J26;
Top 14;2021-2022;17;33;J26;
Top 14;2021-2022;16;26;J26;
Top 14;2021-2022;21;16;J26;
Top 14;2021-2022;26;29;J26;
Top 14;2021-2022;20;15;J26;
Top 14;2021-2022;33;28;Barrages;
Top 14;2021-2022;36;16;Barrages;
Top 14;2021-2022;24;18;Semi;
Top 14;2021-2022;19;10;Semi;
Top 14;2021-2022;10;29;Finale;
Top 14;2021-2022;16;41;Access Match;
Top 14;2022-2023;25;19;J1;
Top 14;2022-2023;40;25;J1;
Top 14;2022-2023;27;31;J1;
Top 14;2022-2023;16;14;J1;
Top 14;2022-2023;24;18;J1;
Top 14;2022-2023;26;22;J1;
Top 14;2022-2023;25;26;J1;
Top 14;2022-2023;21;23;J2;
Top 14;2022-2023;33;24;J2;
Top 14;2022-2023;31;25;J2;
Top 14;2022-2023;30;20;J2;
Top 14;2022-2023;6;17;J2;
Top 14;2022-2023;29;19;J2;
Top 14;2022-2023;28;8;J2;
Top 14;2022-2023;33;12;J3;
Top 14;2022-2023;26;31;J3;
Top 14;2022-2023;32;19;J3;
Top 14;2022-2023;26;16;J3;
Top 14;2022-2023;43;8;J3;
Top 14;2022-2023;26;16;J3;
Top 14;2022-2023;30;29;J3;
Top 14;2022-2023;19;13;J4;
Top 14;2022-2023;20;15;J4;
Top 14;2022-2023;12;6;J4;
Top 14;2022-2023;33;27;J4;
Top 14;2022-2023;43;17;J4;
Top 14;2022-2023;37;10;J4;
Top 14;2022-2023;22;13;J4;
Top 14;2022-2023;15;10;J5;
Top 14;2022-2023;14;10;J5;
Top 14;2022-2023;43;20;J5;
Top 14;2022-2023;25;22;J5;
Top 14;2022-2023;17;34;J5;
Top 14;2022-2023;24;19;J5;
Top 14;2022-2023;17;19;J5;
Top 14;2022-2023;26;13;J6;
Top 14;2022-2023;29;13;J6;
Top 14;2022-2023;26;13;J6;
Top 14;2022-2023;47;0;J6;
Top 14;2022-2023;52;3;J6;
Top 14;2022-2023;46;10;J6;
Top 14;2022-2023;36;21;J6;
Top 14;2022-2023;7;45;J7;
Top 14;2022-2023;10;20;J7;
Top 14;2022-2023;26;33;J7;
Top 14;2022-2023;29;31;J7;
Top 14;2022-2023;39;22;J7;
Top 14;2022-2023;29;17;J7;
Top 14;2022-2023;32;5;J7;
Top 14;2022-2023;38;31;J8;
Top 14;2022-2023;31;27;J8;
Top 14;2022-2023;24;20;J8;
Top 14;2022-2023;28;20;J8;
Top 14;2022-2023;27;0;J8;
Top 14;2022-2023;23;23;J8;
Top 14;2022-2023;26;17;J8;
Top 14;2022-2023;26;22;J9;
Top 14;2022-2023;38;43;J9;
Top 14;2022-2023;23;19;J9;
Top 14;2022-2023;28;21;J9;
Top 14;2022-2023;21;38;J9;
Top 14;2022-2023;26;22;J9;
Top 14;2022-2023;27;26;J9;
Top 14;2022-2023;16;16;J10;
Top 14;2022-2023;20;25;J10;
Top 14;2022-2023;17;19;J10;
Top 14;2022-2023;44;20;J10;
Top 14;2022-2023;26;20;J10;
Top 14;2022-2023;33;7;J10;
Top 14;2022-2023;16;26;J10;
Top 14;2022-2023;35;14;J11;
Top 14;2022-2023;22;6;J11;
Top 14;2022-2023;53;7;J11;
Top 14;2022-2023;23;20;J11;
Top 14;2022-2023;12;17;J11;
Top 14;2022-2023;46;12;J11;
Top 14;2022-2023;21;14;J11;
Top 14;2022-2023;19;14;J12;
Top 14;2022-2023;19;7;J12;
Top 14;2022-2023;34;13;J12;
Top 14;2022-2023;33;13;J12;
Top 14;2022-2023;27;14;J12;
Top 14;2022-2023;26;22;J12;
Top 14;2022-2023;14;31;J12;
Top 14;2022-2023;21;3;J13;
Top 14;2022-2023;20;16;J13;
Top 14;2022-2023;22;22;J13;
Top 14;2022-2023;8;12;J13;
Top 14;2022-2023;38;10;J13;
Top 14;2022-2023;22;18;J13;
Top 14;2022-2023;10;48;J13;
Top 14;2022-2023;40;10;J14;
Top 14;2022-2023;23;18;J14;
Top 14;2022-2023;26;26;J14;
Top 14;2022-2023;27;30;J14;
Top 14;2022-2023;37;3;J14;
Top 14;2022-2023;10;29;J14;
Top 14;2022-2023;13;32;J14;
Top 14;2022-2023;23;15;J15;
Top 14;2022-2023;31;20;J15;
Top 14;2022-2023;26;7;J15;
Top 14;2022-2023;26;17;J15;
Top 14;2022-2023;12;21;J15;
Top 14;2022-2023;30;7;J15;
Top 14;2022-2023;17;12;J15;
Top 14;2022-2023;34;14;J16;
Top 14;2022-2023;37;9;J16;
Top 14;2022-2023;23;18;J16;
Top 14;2022-2023;27;16;J16;
Top 14;2022-2023;31;24;J16;
Top 14;2022-2023;39;36;J16;
Top 14;2022-2023;23;9;J16;
Top 14;2022-2023;21;16;J17;
Top 14;2022-2023;41;26;J17;
Top 14;2022-2023;22;24;J17;
Top 14;2022-2023;38;19;J17;
Top 14;2022-2023;16;20;J17;
Top 14;2022-2023;18;20;J17;
Top 14;2022-2023;12;6;J17;
Top 14;2022-2023;29;26;J18;
Top 14;2022-2023;17;32;J18;
Top 14;2022-2023;31;21;J18;
Top 14;2022-2023;34;24;J18;
Top 14;2022-2023;49;29;J18;
Top 14;2022-2023;17;6;J18;
Top 14;2022-2023;18;9;J18;
Top 14;2022-2023;27;17;J19;
Top 14;2022-2023;32;16;J19;
Top 14;2022-2023;41;10;J19;
Top 14;2022-2023;45;11;J19;
Top 14;2022-2023;43;7;J19;
Top 14;2022-2023;34;10;J19;
Top 14;2022-2023;36;21;J19;
Top 14;2022-2023;34;6;J20;
Top 14;2022-2023;7;28;J20;
Top 14;2022-2023;27;22;J20;
Top 14;2022-2023;32;36;J20;
Top 14;2022-2023;34;27;J20;
Top 14;2022-2023;37;9;J20;
Top 14;2022-2023;35;39;J20;
Top 14;2022-2023;27;17;J21;
Top 14;2022-2023;23;27;J21;
Top 14;2022-2023;38;10;J21;
Top 14;2022-2023;20;30;J21;
Top 14;2022-2023;22;23;J21;
Top 14;2022-2023;6;36;J21;
Top 14;2022-2023;13;17;J21;
Top 14;2022-2023;31;28;J22;
Top 14;2022-2023;22;27;J22;
Top 14;2022-2023;19;28;J22;
Top 14;2022-2023;37;15;J22;
Top 14;2022-2023;23;18;J22;
Top 14;2022-2023;26;6;J22;
Top 14;2022-2023;36;31;J22;
Top 14;2022-2023;26;13;J23;
Top 14;2022-2023;30;21;J23;
Top 14;2022-2023;33;30;J23;
Top 14;2022-2023;22;17;J23;
Top 14;2022-2023;31;18;J23;
Top 14;2022-2023;19;10;J23;
Top 14;2022-2023;23;9;J23;
Top 14;2022-2023;32;16;J24;
Top 14;2022-2023;41;31;J24;
Top 14;2022-2023;26;27;J24;
Top 14;2022-2023;55;14;J24;
Top 14;2022-2023;40;3;J24;
Top 14;2022-2023;8;23;J24;
Top 14;2022-2023;31;17;J24;
Top 14;2022-2023;26;21;J25;
Top 14;2022-2023;28;0;J25;
Top 14;2022-2023;21;18;J25;
Top 14;2022-2023;13;16;J25;
Top 14;2022-2023;42;31;J25;
Top 14;2022-2023;43;7;J25;
Top 14;2022-2023;31;31;J25;
Top 14;2022-2023;32;25;J26;
Top 14;2022-2023;26;16;J26;
Top 14;2022-2023;53;19;J26;
Top 14;2022-2023;35;19;J26;
Top 14;2022-2023;35;10;J26;
Top 14;2022-2023;14;10;J26;
Top 14;2022-2023;54;10;J26;
Top 14;2022-2023;20;33;Barrages;
Top 14;2022-2023;25;32;Barrages;
Top 14;2022-2023;41;14;Semi;
Top 14;2022-2023;24;13;Semi;
Top 14;2022-2023;29;26;Finale;
Top 14;2022-2023;19;33;Access;
Top 14;2023-2024;26;7;J1;
Top 14;2023-2024;23;18;J1;
Top 14;2023-2024;7;29;J1;
Top 14;2023-2024;36;17;J1;
Top 14;2023-2024;24;23;J1;
Top 14;2023-2024;27;15;J1;
Top 14;2023-2024;26;15;J1;
Top 14;2023-2024;28;18;J2;
Top 14;2023-2024;35;14;J2;
Top 14;2023-2024;25;23;J2;
Top 14;2023-2024;38;14;J2;
Top 14;2023-2024;19;17;J2;
Top 14;2023-2024;19;14;J2;
Top 14;2023-2024;38;13;J2;
Top 14;2023-2024;21;27;J3;
Top 14;2023-2024;37;0;J3;
Top 14;2023-2024;24;9;J3;
Top 14;2023-2024;38;10;J3;
Top 14;2023-2024;59;10;J3;
Top 14;2023-2024;11;10;J3;
Top 14;2023-2024;22;17;J3;
Top 14;2023-2024;16;3;J4;
Top 14;2023-2024;24;39;J4;
Top 14;2023-2024;41;22;J4;
Top 14;2023-2024;16;19;J4;
Top 14;2023-2024;41;7;J4;
Top 14;2023-2024;24;27;J4;
Top 14;2023-2024;29;22;J4;
Top 14;2023-2024;19;17;J5;
Top 14;2023-2024;46;14;J5;
Top 14;2023-2024;39;16;J5;
Top 14;2023-2024;26;22;J5;
Top 14;2023-2024;26;13;J5;
Top 14;2023-2024;22;20;J5;
Top 14;2023-2024;13;9;J5;
Top 14;2023-2024;43;34;J6;
Top 14;2023-2024;39;11;J6;
Top 14;2023-2024;32;36;J6;
Top 14;2023-2024;17;20;J6;
Top 14;2023-2024;20;11;J6;
Top 14;2023-2024;18;15;J6;
Top 14;2023-2024;31;26;J6;
Top 14;2023-2024;9;13;J7;
Top 14;2023-2024;27;30;J7;
Top 14;2023-2024;35;16;J7;
Top 14;2023-2024;23;16;J7;
Top 14;2023-2024;38;20;J7;
Top 14;2023-2024;31;23;J7;
Top 14;2023-2024;25;21;J7;
Top 14;2023-2024;41;19;J8;
Top 14;2023-2024;46;22;J8;
Top 14;2023-2024;42;29;J8;
Top 14;2023-2024;21;26;J8;
Top 14;2023-2024;30;6;J8;
Top 14;2023-2024;31;10;J8;
Top 14;2023-2024;32;10;J8;
Top 14;2023-2024;36;13;J9;
Top 14;2023-2024;35;6;J9;
Top 14;2023-2024;34;19;J9;
Top 14;2023-2024;23;29;J9;
Top 14;2023-2024;29;14;J9;
Top 14;2023-2024;23;18;J9;
Top 14;2023-2024;27;12;J9;
Top 14;2023-2024;36;10;J10;
Top 14;2023-2024;46;10;J10;
Top 14;2023-2024;30;21;J10;
Top 14;2023-2024;66;10;J10;
Top 14;2023-2024;22;11;J10;
Top 14;2023-2024;18;13;J10;
Top 14;2023-2024;25;17;J10;
Top 14;2023-2024;34;13;J11;
Top 14;2023-2024;35;40;J11;
Top 14;2023-2024;20;18;J11;
Top 14;2023-2024;27;23;J11;
Top 14;2023-2024;19;5;J11;
Top 14;2023-2024;29;8;J11;
Top 14;2023-2024;13;17;J11;
Top 14;2023-2024;20;29;J12;
Top 14;2023-2024;27;12;J12;
Top 14;2023-2024;14;14;J12;
Top 14;2023-2024;34;30;J12;
Top 14;2023-2024;24;23;J12;
Top 14;2023-2024;45;0;J12;
Top 14;2023-2024;27;17;J12;
Top 14;2023-2024;26;30;J13;
Top 14;2023-2024;21;17;J13;
Top 14;2023-2024;20;23;J13;
Top 14;2023-2024;36;24;J13;
Top 14;2023-2024;22;17;J13;
Top 14;2023-2024;25;23;J13;
Top 14;2023-2024;20;27;J13;
Top 14;2023-2024;26;5;J14;
Top 14;2023-2024;33;44;J14;
Top 14;2023-2024;19;23;J14;
Top 14;2023-2024;18;10;J14;
Top 14;2023-2024;38;21;J14;
Top 14;2023-2024;46;26;J14;
Top 14;2023-2024;32;37;J14;
Top 14;2023-2024;28;17;J15;
Top 14;2023-2024;10;20;J15;
Top 14;2023-2024;32;19;J15;
Top 14;2023-2024;20;44;J15;
Top 14;2023-2024;61;32;J15;
Top 14;2023-2024;21;13;J15;
Top 14;2023-2024;25;17;J15;
Top 14;2023-2024;28;23;J16;
Top 14;2023-2024;27;15;J16;
Top 14;2023-2024;41;12;J16;
Top 14;2023-2024;43;26;J16;
Top 14;2023-2024;17;9;J16;
Top 14;2023-2024;11;27;J16;
Top 14;2023-2024;33;37;J16;
Top 14;2023-2024;33;6;J17;
Top 14;2023-2024;25;12;J17;
Top 14;2023-2024;44;22;J17;
Top 14;2023-2024;39;10;J17;
Top 14;2023-2024;35;39;J17;
Top 14;2023-2024;21;5;J17;
Top 14;2023-2024;42;3;J17;
Top 14;2023-2024;23;3;J18;
Top 14;2023-2024;34;19;J18;
Top 14;2023-2024;42;40;J18;
Top 14;2023-2024;10;3;J18;
Top 14;2023-2024;15;15;J18;
Top 14;2023-2024;27;17;J18;
Top 14;2023-2024;20;6;J18;
Top 14;2023-2024;54;7;J19;
Top 14;2023-2024;31;28;J19;
Top 14;2023-2024;22;13;J19;
Top 14;2023-2024;14;15;J19;
Top 14;2023-2024;21;23;J19;
Top 14;2023-2024;13;12;J19;
Top 14;2023-2024;31;28;J19;
Top 14;2023-2024;10;12;J20;
Top 14;2023-2024;43;12;J20;
Top 14;2023-2024;40;21;J20;
Top 14;2023-2024;27;10;J20;
Top 14;2023-2024;26;10;J20;
Top 14;2023-2024;31;29;J20;
Top 14;2023-2024;10;46;J20;
Top 14;2023-2024;25;24;J21;
Top 14;2023-2024;51;20;J21;
Top 14;2023-2024;13;43;J21;
Top 14;2023-2024;28;24;J21;
Top 14;2023-2024;31;23;J21;
Top 14;2023-2024;20;19;J21;
Top 14;2023-2024;41;7;J21;
Top 14;2023-2024;32;12;J22;
Top 14;2023-2024;38;20;J22;
Top 14;2023-2024;20;25;J22;
Top 14;2023-2024;15;34;J22;
Top 14;2023-2024;22;19;J22;
Top 14;2023-2024;41;18;J22;
Top 14;2023-2024;27;17;J22;
Top 14;2023-2024;28;35;J23;
Top 14;2023-2024;27;26;J23;
Top 14;2023-2024;39;17;J23;
Top 14;2023-2024;28;37;J23;
Top 14;2023-2024;30;24;J23;
Top 14;2023-2024;34;14;J23;
Top 14;2023-2024;49;18;J23;
Top 14;2023-2024;22;29;J24;
Top 14;2023-2024;20;14;J24;
Top 14;2023-2024;23;20;J24;
Top 14;2023-2024;17;27;J24;
Top 14;2023-2024;36;20;J24;
Top 14;2023-2024;25;23;J24;
Top 14;2023-2024;22;18;J24;
Top 14;2023-2024;24;15;J25;
Top 14;2023-2024;37;30;J25;
Top 14;2023-2024;27;20;J25;
Top 14;2023-2024;27;18;J25;
Top 14;2023-2024;41;26;J25;
Top 14;2023-2024;52;10;J25;
Top 14;2023-2024;31;31;J25;
Top 14;2023-2024;17;28;J26;
Top 14;2023-2024;40;7;J26;
Top 14;2023-2024;52;15;J26;
Top 14;2023-2024;24;19;J26;
Top 14;2023-2024;40;28;J26;
Top 14;2023-2024;23;20;J26;
Top 14;2023-2024;36;24;J26;
Top 14;2023-2024;29;34;Barrages;
Top 14;2023-2024;31;17;Barrages;
Top 14;2023-2024;39;23;Semi;
Top 14;2023-2024;20;22;Semi;
Top 14;2023-2024;59;3;Finale;
Top 14;2023-2024;18;20;Access Match;
Top 14;2024-2025;21;19;J1;
Top 14;2024-2025;39;7;J1;
Top 14;2024-2025;31;28;J1;
Top 14;2024-2025;22;26;J1;
Top 14;2024-2025;46;26;J1;
Top 14;2024-2025;19;15;J1;
Top 14;2024-2025;18;43;J1;
Top 14;2024-2025;30;28;J2;
Top 14;2024-2025;51;29;J2;
Top 14;2024-2025;34;31;J2;
Top 14;2024-2025;33;20;J2;
Top 14;2024-2025;7;26;J2;
Top 14;2024-2025;28;26;J2;
Top 14;2024-2025;35;27;J2;
Top 14;2024-2025;11;20;J3;
Top 14;2024-2025;26;10;J3;
Top 14;2024-2025;27;12;J3;
Top 14;2024-2025;30;20;J3;
Top 14;2024-2025;49;25;J3;
Top 14;2024-2025;52;34;J3;
Top 14;2024-2025;10;14;J3;
Top 14;2024-2025;33;3;J4;
Top 14;2024-2025;28;27;J4;
Top 14;2024-2025;40;38;J4;
Top 14;2024-2025;16;17;J4;
Top 14;2024-2025;54;19;J4;
Top 14;2024-2025;30;16;J4;
Top 14;2024-2025;12;16;J4;
Top 14;2024-2025;24;27;J5;
Top 14;2024-2025;29;20;J5;
Top 14;2024-2025;43;22;J5;
Top 14;2024-2025;30;27;J5;
Top 14;2024-2025;11;10;J5;
Top 14;2024-2025;28;23;J5;
Top 14;2024-2025;19;18;J5;
Top 14;2024-2025;22;6;J6;
Top 14;2024-2025;33;26;J6;
Top 14;2024-2025;37;7;J6;
Top 14;2024-2025;26;24;J6;
Top 14;2024-2025;66;12;J6;
Top 14;2024-2025;48;14;J6;
Top 14;2024-2025;35;3;J6;
Top 14;2024-2025;32;15;J7;
Top 14;2024-2025;35;13;J7;
Top 14;2024-2025;30;17;J7;
Top 14;2024-2025;55;33;J7;
Top 14;2024-2025;29;26;J7;
Top 14;2024-2025;14;22;J7;
Top 14;2024-2025;32;22;J7;
Top 14;2024-2025;19;6;J8;
Top 14;2024-2025;38;49;J8;
Top 14;2024-2025;16;0;J8;
Top 14;2024-2025;30;23;J8;
Top 14;2024-2025;34;28;J8;
Top 14;2024-2025;36;6;J8;
Top 14;2024-2025;57;5;J8;
Top 14;2024-2025;32;27;J9;
Top 14;2024-2025;32;13;J9;
Top 14;2024-2025;30;26;J9;
Top 14;2024-2025;21;10;J9;
Top 14;2024-2025;23;33;J9;
Top 14;2024-2025;35;18;J9;
Top 14;2024-2025;12;8;J9;
Top 14;2024-2025;39;19;J10;
Top 14;2024-2025;28;24;J10;
Top 14;2024-2025;22;30;J10;
Top 14;2024-2025;30;3;J10;
Top 14;2024-2025;41;9;J10;
Top 14;2024-2025;27;37;J10;
Top 14;2024-2025;40;24;J10;
Top 14;2024-2025;17;21;J11;
Top 14;2024-2025;29;15;J11;
Top 14;2024-2025;14;23;J11;
Top 14;2024-2025;9;6;J11;
Top 14;2024-2025;54;10;J11;
Top 14;2024-2025;13;22;J11;
Top 14;2024-2025;21;13;J11;
Top 14;2024-2025;20;15;J12;
Top 14;2024-2025;21;17;J12;
Top 14;2024-2025;56;25;J12;
Top 14;2024-2025;21;27;J12;
Top 14;2024-2025;24;7;J12;
Top 14;2024-2025;3;13;J12;
Top 14;2024-2025;17;17;J12;
Top 14;2024-2025;48;24;J13;
Top 14;2024-2025;33;12;J13;
Top 14;2024-2025;18;22;J13;
Top 14;2024-2025;21;17;J13;
Top 14;2024-2025;25;25;J13;
Top 14;2024-2025;21;13;J13;
Top 14;2024-2025;38;23;J13;
Top 14;2024-2025;36;24;J14;
Top 14;2024-2025;24;19;J14;
Top 14;2024-2025;17;12;J14;
Top 14;2024-2025;42;10;J14;
Top 14;2024-2025;19;46;J14;
Top 14;2024-2025;22;19;J14;
Top 14;2024-2025;19;20;J14;
Top 14;2024-2025;27;17;J15;
Top 14;2024-2025;16;11;J15;
Top 14;2024-2025;20;27;J15;
Top 14;2024-2025;33;28;J15;
Top 14;2024-2025;20;14;J15;
Top 14;2024-2025;20;22;J15;
Top 14;2024-2025;45;26;J15;
Top 14;2024-2025;36;32;J16;
Top 14;2024-2025;53;17;J16;
Top 14;2024-2025;25;30;J16;
Top 14;2024-2025;39;37;J16;
Top 14;2024-2025;20;20;J16;
Top 14;2024-2025;30;38;J16;
Top 14;2024-2025;18;35;J16;
Top 14;2024-2025;30;25;J17;
Top 14;2024-2025;24;6;J17;
Top 14;2024-2025;37;24;J17;
Top 14;2024-2025;23;6;J17;
Top 14;2024-2025;21;26;J17;
Top 14;2024-2025;41;6;J17;
Top 14;2024-2025;22;18;J17;
Top 14;2024-2025;22;17;J18;
Top 14;2024-2025;63;21;J18;
Top 14;2024-2025;27;20;J18;
Top 14;2024-2025;21;17;J18;
Top 14;2024-2025;29;47;J18;
Top 14;2024-2025;17;29;J18;
Top 14;2024-2025;31;18;J18;
Top 14;2024-2025;12;12;J19;
Top 14;2024-2025;21;23;J19;
Top 14;2024-2025;36;21;J19;
Top 14;2024-2025;40;38;J19;
Top 14;2024-2025;31;27;J19;
Top 14;2024-2025;40;19;J19;
Top 14;2024-2025;32;24;J19;
Top 14;2024-2025;55;10;J20;
Top 14;2024-2025;20;20;J20;
Top 14;2024-2025;33;19;J20;
Top 14;2024-2025;28;14;J20;
Top 14;2024-2025;38;32;J20;
Top 14;2024-2025;28;26;J20;
Top 14;2024-2025;36;31;J20;
Top 14;2024-2025;22;26;J21;
Top 14;2024-2025;32;13;J21;
Top 14;2024-2025;32;23;J21;
Top 14;2024-2025;29;28;J21;
Top 14;2024-2025;28;24;J21;
Top 14;2024-2025;31;24;J21;
Top 14;2024-2025;21;27;J21;
Top 14;2024-2025;52;6;J22;
Top 14;2024-2025;29;19;J22;
Top 14;2024-2025;39;31;J22;
Top 14;2024-2025;27;22;J22;
Top 14;2024-2025;19;13;J22;
Top 14;2024-2025;10;21;J22;
Top 14;2024-2025;49;24;J22;
Top 14;2024-2025;34;29;J23;
Top 14;2024-2025;27;29;J23;
Top 14;2024-2025;24;24;J23;
Top 14;2024-2025;29;30;J23;
Top 14;2024-2025;20;18;J23;
Top 14;2024-2025;16;50;J23;
Top 14;2024-2025;46;27;J23;
Top 14;2024-2025;34;29;J24;
Top 14;2024-2025;31;13;J24;
Top 14;2024-2025;38;32;J24;
Top 14;2024-2025;25;21;J24;
Top 14;2024-2025;31;30;J24;
Top 14;2024-2025;35;37;J24;
Top 14;2024-2025;47;18;J24;
Top 14;2024-2025;55;20;J25;
Top 14;2024-2025;33;3;J25;
Top 14;2024-2025;25;27;J25;
Top 14;2024-2025;26;52;J25;
Top 14;2024-2025;38;15;J25;
Top 14;2024-2025;43;3;J25;
Top 14;2024-2025;27;10;J25;
Top 14;2024-2025;18;10;J26;
Top 14;2024-2025;34;37;J26;
Top 14;2024-2025;10;23;J26;
Top 14;2024-2025;32;18;J26;
Top 14;2024-2025;21;10;J26;
Top 14;2024-2025;59;28;J26;
Top 14;2024-2025;42;35;J26;
Top 14;2024-2025;20;3;Barrages;
Top 14;2024-2025;52;23;Barrages;
Top 14;2024-2025;32;25;Semi;
Top 14;2024-2025;39;24;Semi;
Top 14;2024-2025;39;33;Finale;
Top 14;2024-2025;11;13;Access Match;
6 nations;2000;34;20;J1;
6 nations;2000;50;18;J1;
6 nations;2000;3;36;J1;
6 nations;2000;47;16;J2;
6 nations;2000;9;15;J2;
6 nations;2000;44;22;J2;
6 nations;2000;16;28;J3;
6 nations;2000;46;12;J3;
6 nations;2000;60;13;J3;
6 nations;2000;12;59;J4;
6 nations;2000;26;18;J4;
6 nations;2000;25;27;J4;
6 nations;2000;42;31;J5;
6 nations;2000;19;23;J5;
6 nations;2000;19;13;J5;
6 nations;2001;22;41;J1;
6 nations;2001;15;44;J1;
6 nations;2001;16;6;J1;
6 nations;2001;22;15;J2;
6 nations;2001;80;23;J2;
6 nations;2001;28;28;J2;
6 nations;2001;19;30;J3;
6 nations;2001;43;3;J3;
6 nations;2001;35;43;J3;
6 nations;2001;23;19;J4;
6 nations;2001;48;19;J4;
6 nations;2001;23;33;J4;
6 nations;2001;32;10;J5;
6 nations;2001;6;36;J5;
6 nations;2001;20;14;J5;
6 nations;2002;33;12;J1;
6 nations;2002;3;29;J1;
6 nations;2002;54;10;J1;
6 nations;2002;33;37;J2;
6 nations;2002;45;11;J2;
6 nations;2002;12;29;J2;
6 nations;2002;20;15;J3;
6 nations;2002;44;20;J3;
6 nations;2002;43;22;J3;
6 nations;2002;32;17;J4;
6 nations;2002;50;10;J4;
6 nations;2002;10;22;J4;
6 nations;2002;44;5;J5;
6 nations;2002;22;27;J5;
6 nations;2002;9;45;J5;
6 nations;2003;30;22;J1;
6 nations;2003;25;17;J1;
6 nations;2003;6;36;J1;
6 nations;2003;13;37;J2;
6 nations;2003;9;26;J2;
6 nations;2003;38;3;J2;
6 nations;2003;15;12;J3;
6 nations;2003;30;22;J3;
6 nations;2003;40;5;J3;
6 nations;2003;24;25;J4;
6 nations;2003;40;9;J4;
6 nations;2003;27;53;J4;
6 nations;2003;33;5;J5;
6 nations;2003;33;25;J5;
6 nations;2003;6;42;J5;
6 nations;2004;35;17;J1;
6 nations;2004;23;10;J1;
6 nations;2004;9;50;J1;
6 nations;2004;25;0;J2;
6 nations;2004;13;35;J2;
6 nations;2004;36;15;J2;
6 nations;2004;20;14;J3;
6 nations;2004;13;19;J3;
6 nations;2004;22;29;J3;
6 nations;2004;19;3;J4;
6 nations;2004;31;21;J4;
6 nations;2004;0;31;J4;
6 nations;2004;44;10;J5;
6 nations;2004;37;16;J5;
6 nations;2004;24;21;J5;
6 nations;2005;16;9;J1;
6 nations;2005;11;9;J1;
6 nations;2005;17;28;J1;
6 nations;2005;8;38;J2;
6 nations;2005;13;40;J2;
6 nations;2005;17;18;J2;
6 nations;2005;18;10;J3;
6 nations;2005;18;24;J3;
6 nations;2005;19;13;J3;
6 nations;2005;19;26;J4;
6 nations;2005;39;7;J4;
6 nations;2005;22;46;J4;
6 nations;2005;13;56;J5;
6 nations;2005;32;20;J5;
6 nations;2005;43;22;J5;
6 nations;2006;26;16;J1;
6 nations;2006;47;13;J1;
6 nations;2006;20;16;J1;
6 nations;2006;43;31;J2;
6 nations;2006;16;31;J2;
6 nations;2006;28;18;J2;
6 nations;2006;37;12;J3;
6 nations;2006;18;12;J3;
6 nations;2006;31;5;J3;
6 nations;2006;18;18;J4;
6 nations;2006;15;9;J4;
6 nations;2006;31;6;J4;
6 nations;2006;10;13;J5;
6 nations;2006;16;21;J5;
6 nations;2006;24;28;J5;
6 nations;2007;3;39;J1;
6 nations;2007;42;20;J1;
6 nations;2007;9;19;J1;
6 nations;2007;20;7;J2;
6 nations;2007;21;9;J2;
6 nations;2007;17;20;J2;
6 nations;2007;17;37;J3;
6 nations;2007;43;13;J3;
6 nations;2007;32;21;J3;
6 nations;2007;18;19;J4;
6 nations;2007;23;20;J4;
6 nations;2007;26;18;J4;
6 nations;2007;24;51;J5;
6 nations;2007;46;19;J5;
6 nations;2007;27;18;J5;
6 nations;2008;16;11;J1;
6 nations;2008;19;26;J1;
6 nations;2008;6;27;J1;
6 nations;2008;30;15;J2;
6 nations;2008;26;21;J2;
6 nations;2008;19;23;J2;
6 nations;2008;47;8;J3;
6 nations;2008;34;13;J3;
6 nations;2008;13;24;J3;
6 nations;2008;12;16;J4;
6 nations;2008;15;9;J4;
6 nations;2008;25;13;J4;
6 nations;2008;23;20;J5;
6 nations;2008;33;10;J5;
6 nations;2008;29;12;J5;
6 nations;2009;36;11;J1;
6 nations;2009;30;21;J1;
6 nations;2009;13;26;J1;
6 nations;2009;22;13;J2;
6 nations;2009;23;15;J2;
6 nations;2009;9;38;J2;
6 nations;2009;21;16;J3;
6 nations;2009;26;6;J3;
6 nations;2009;14;13;J3;
6 nations;2009;15;20;J4;
6 nations;2009;15;22;J4;
6 nations;2009;34;10;J4;
6 nations;2009;8;50;J5;
6 nations;2009;26;12;J5;
6 nations;2009;15;17;J5;
6 nations;2010;29;11;J1;
6 nations;2010;30;17;J1;
6 nations;2010;9;18;J1;
6 nations;2010;31;24;J2;
6 nations;2010;33;10;J2;
6 nations;2010;12;17;J2;
6 nations;2010;20;26;J3;
6 nations;2010;16;12;J3;
6 nations;2010;16;20;J3;
6 nations;2010;27;12;J4;
6 nations;2010;15;15;J4;
6 nations;2010;46;20;J4;
6 nations;2010;33;10;J5;
6 nations;2010;20;23;J5;
6 nations;2010;12;10;J5;
6 nations;2011;19;26;J1;
6 nations;2011;11;13;J1;
6 nations;2011;34;21;J1;
6 nations;2011;59;13;J2;
6 nations;2011;6;24;J2;
6 nations;2011;22;25;J2;
6 nations;2011;16;24;J3;
6 nations;2011;17;9;J3;
6 nations;2011;18;21;J3;
6 nations;2011;22;21;J4;
6 nations;2011;19;13;J4;
6 nations;2011;22;16;J4;
6 nations;2011;21;8;J5;
6 nations;2011;24;8;J5;
6 nations;2011;28;9;J5;
6 nations;2012;30;12;J1;
6 nations;2012;6;13;J1;
6 nations;2012;21;23;J1;
6 nations;2012;15;19;J2;
6 nations;2012;27;13;J2;
6 nations;2012;42;10;J2;
6 nations;2012;12;19;J3;
6 nations;2012;17;23;J3;
6 nations;2012;17;17;J3;
6 nations;2012;24;3;J4;
6 nations;2012;32;14;J4;
6 nations;2012;22;24;J4;
6 nations;2012;13;6;J5;
6 nations;2012;16;9;J5;
6 nations;2012;30;9;J5;
6 nations;2013;22;30;J1;
6 nations;2013;38;18;J1;
6 nations;2013;23;18;J1;
6 nations;2013;34;10;J2;
6 nations;2013;6;16;J2;
6 nations;2013;6;12;J2;
6 nations;2013;9;26;J3;
6 nations;2013;23;13;J3;
6 nations;2013;12;8;J3;
6 nations;2013;18;28;J4;
6 nations;2013;13;13;J4;
6 nations;2013;18;11;J4;
6 nations;2013;22;15;J5;
6 nations;2013;30;3;J5;
6 nations;2013;23;16;J5;
6 nations;2014;23;15;J1;
6 nations;2014;26;24;J1;
6 nations;2014;28;6;J1;
6 nations;2014;26;3;J2;
6 nations;2014;0;20;J2;
6 nations;2014;30;10;J2;
6 nations;2014;27;6;J3;
6 nations;2014;20;21;J3;
6 nations;2014;13;10;J3;
6 nations;2014;46;7;J4;
6 nations;2014;17;19;J4;
6 nations;2014;29;18;J4;
6 nations;2014;11;52;J5;
6 nations;2014;51;3;J5;
6 nations;2014;20;22;J5;
6 nations;2015;16;21;J1;
6 nations;2015;3;26;J1;
6 nations;2015;15;8;J1;
6 nations;2015;47;17;J2;
6 nations;2015;18;11;J2;
6 nations;2015;23;26;J2;
6 nations;2015;19;22;J3;
6 nations;2015;13;20;J3;
6 nations;2015;19;9;J3;
6 nations;2015;23;16;J4;
6 nations;2015;25;13;J4;
6 nations;2015;0;29;J4;
6 nations;2015;20;61;J5;
6 nations;2015;10;40;J5;
6 nations;2015;55;35;J5;
6 nations;2016;23;21;J1;
6 nations;2016;9;15;J1;
6 nations;2016;16;16;J1;
6 nations;2016;10;9;J2;
6 nations;2016;27;23;J2;
6 nations;2016;9;40;J2;
6 nations;2016;19;10;J3;
6 nations;2016;20;36;J3;
6 nations;2016;21;10;J3;
6 nations;2016;58;15;J4;
6 nations;2016;25;21;J4;
6 nations;2016;29;18;J4;
6 nations;2016;67;14;J5;
6 nations;2016;35;25;J5;
6 nations;2016;21;31;J5;
6 nations;2017;27;22;J1;
6 nations;2017;19;16;J1;
6 nations;2017;7;33;J1;
6 nations;2017;10;63;J2;
6 nations;2017;16;21;J2;
6 nations;2017;22;16;J2;
6 nations;2017;29;13;J3;
6 nations;2017;19;9;J3;
6 nations;2017;36;15;J3;
6 nations;2017;22;9;J4;
6 nations;2017;18;40;J4;
6 nations;2017;61;21;J4;
6 nations;2017;29;0;J5;
6 nations;2017;20;18;J5;
6 nations;2017;13;9;J5;
6 nations;2018;34;7;J1;
6 nations;2018;13;15;J1;
6 nations;2018;15;46;J1;
6 nations;2018;56;19;J2;
6 nations;2018;12;6;J2;
6 nations;2018;32;26;J2;
6 nations;2018;34;17;J3;
6 nations;2018;37;27;J3;
6 nations;2018;25;13;J3;
6 nations;2018;28;8;J4;
6 nations;2018;22;16;J4;
6 nations;2018;38;14;J4;
6 nations;2018;27;29;J5;
6 nations;2018;15;24;J5;
6 nations;2018;14;13;J5;
6 nations;2019;19;24;J1;
6 nations;2019;33;20;J1;
6 nations;2019;20;32;J1;
6 nations;2019;13;22;J2;
6 nations;2019;15;26;J2;
6 nations;2019;44;8;J2;
6 nations;2019;27;10;J3;
6 nations;2019;21;13;J3;
6 nations;2019;16;26;J3;
6 nations;2019;11;18;J4;
6 nations;2019;57;14;J4;
6 nations;2019;26;14;J4;
6 nations;2019;14;25;J5;
6 nations;2019;25;7;J5;
6 nations;2019;38;38;J5;
6 nations;2020;42;0;J1;
6 nations;2020;19;12;J1;
6 nations;2020;24;17;J1;
6 nations;2020;24;14;J2;
6 nations;2020;6;13;J2;
6 nations;2020;35;22;J2;
6 nations;2020;0;17;J3;
6 nations;2020;23;27;J3;
6 nations;2020;24;12;J3;
6 nations;2020;33;30;J4;
6 nations;2020;28;17;J4;
6 nations;2020;50;17;J4;
6 nations;2020;10;14;J5;
6 nations;2020;5;34;J5;
6 nations;2020;35;27;J5;
6 nations;2021;10;50;J1;
6 nations;2021;6;11;J1;
6 nations;2021;21;16;J1;
6 nations;2021;41;18;J2;
6 nations;2021;24;25;J2;
6 nations;2021;13;15;J2;
6 nations;2021;10;48;J3;
6 nations;2021;40;24;J3;
6 nations;2021;7;48;J3;
6 nations;2021;23;20;J4;
6 nations;2021;24;27;J4;
6 nations;2021;52;10;J4;
6 nations;2021;32;18;J5;
6 nations;2021;32;30;J5;
6 nations;2021;23;27;J5;
6 nations;2022;29;7;J1;
6 nations;2022;20;17;J1;
6 nations;2022;37;10;J1;
6 nations;2022;20;17;J2;
6 nations;2022;30;24;J2;
6 nations;2022;0;33;J2;
6 nations;2022;17;36;J3;
6 nations;2022;23;19;J3;
6 nations;2022;57;6;J3;
6 nations;2022;9;13;J4;
6 nations;2022;22;33;J4;
6 nations;2022;15;32;J4;
6 nations;2022;21;22;J5;
6 nations;2022;26;5;J5;
6 nations;2022;25;13;J5;
6 nations;2023;10;34;J1;
6 nations;2023;23;29;J1;
6 nations;2023;24;29;J1;
6 nations;2023;32;19;J2;
6 nations;2023;35;7;J2;
6 nations;2023;31;14;J2;
6 nations;2023;20;34;J3;
6 nations;2023;10;20;J3;
6 nations;2023;32;21;J3;
6 nations;2023;17;29;J4;
6 nations;2023;10;53;J4;
6 nations;2023;7;22;J4;
6 nations;2023;26;14;J5;
6 nations;2023;41;28;J5;
6 nations;2023;29;16;J5;
6 nations;2024;17;38;J1;
6 nations;2024;24;27;J1;
6 nations;2024;26;27;J1;
6 nations;2024;16;20;J2;
6 nations;2024;16;14;J2;
6 nations;2024;36;0;J2;
6 nations;2024;31;7;J3;
6 nations;2024;30;21;J3;
6 nations;2024;13;13;J3;
6 nations;2024;31;29;J4;
6 nations;2024;23;22;J4;
6 nations;2024;24;45;J4;
6 nations;2024;21;24;J5;
6 nations;2024;17;13;J5;
6 nations;2024;33;31;J5;
6 nations;2025;43;0;J1;
6 nations;2025;31;19;J1;
6 nations;2025;27;22;J1;
6 nations;2025;22;15;J2;
6 nations;2025;26;25;J2;
6 nations;2025;18;32;J2;
6 nations;2025;18;27;J3;
6 nations;2025;16;15;J3;
6 nations;2025;24;73;J3;
6 nations;2025;27;42;J4;
6 nations;2025;35;29;J4;
6 nations;2025;47;24;J4;
6 nations;2025;17;22;J5;
6 nations;2025;14;68;J5;
6 nations;2025;35;16;J5;
